session,equity,exposure,n_held
2017-02-01,np.float64(99029.53533323127),np.float64(1.0),5
2017-02-02,np.float64(99269.64164766815),np.float64(1.0),5
2017-02-03,np.float64(99449.62998204792),np.float64(0.9985848457779369),5
2017-02-06,np.float64(99329.73815332037),np.float64(1.0),5
2017-02-07,np.float64(99483.04529945015),np.float64(1.0),5
2017-02-08,np.float64(99535.3730480091),np.float64(0.9982052082795186),5
2017-02-09,np.float64(99389.21882372584),np.float64(0.9982025689953512),5
2017-02-10,np.float64(99732.90132928938),np.float64(0.9982087629953554),5
2017-02-13,np.float64(100206.21195792977),np.float64(1.0),5
2017-02-14,np.float64(99858.29756848745),np.float64(1.0),5
2017-02-15,np.float64(100124.95883538086),np.float64(1.0),5
2017-02-16,np.float64(100445.71152840003),np.float64(1.0),5
2017-02-17,np.float64(100616.1266566993),np.float64(1.0),5
2017-02-21,np.float64(101511.41823156258),np.float64(1.0),5
2017-02-22,np.float64(101767.30594234733),np.float64(0.9997434733287714),5
2017-02-23,np.float64(99555.09627051762),np.float64(0.9997377730602324),5
2017-02-24,np.float64(99445.90671700439),np.float64(0.9997374851404636),5
2017-02-27,np.float64(99981.00094204643),np.float64(1.0),5
2017-02-28,np.float64(99621.43046527467),np.float64(1.0),5
2017-03-01,np.float64(101248.4943391214),np.float64(1.0),5
2017-03-02,np.float64(100008.14919876201),np.float64(1.0),5
2017-03-03,np.float64(99997.6330758883),np.float64(1.0),5
2017-03-06,np.float64(98799.12006987502),np.float64(1.0),5
2017-03-07,np.float64(98914.03326039709),np.float64(1.0),5
2017-03-08,np.float64(98952.90253164811),np.float64(0.9985408123939963),5
2017-03-09,np.float64(99222.70285217931),np.float64(0.998544780127917),5
2017-03-10,np.float64(100227.79124952584),np.float64(0.9985593731324199),5
2017-03-13,np.float64(100995.52651999015),np.float64(1.0),5
2017-03-14,np.float64(101969.43573211541),np.float64(1.0),5
2017-03-15,np.float64(102565.57927730237),np.float64(1.0),5
2017-03-16,np.float64(103153.4640727868),np.float64(1.0),5
2017-03-17,np.float64(103017.89935968675),np.float64(1.0),5
2017-03-20,np.float64(102695.79431804488),np.float64(1.0),5
2017-03-21,np.float64(101200.23720482884),np.float64(1.0),5
2017-03-22,np.float64(101986.7426626199),np.float64(1.0),5
2017-03-23,np.float64(101652.22526595157),np.float64(1.0),5
2017-03-24,np.float64(101916.24833343877),np.float64(1.0),5
2017-03-27,np.float64(102465.13161661406),np.float64(1.0),5
2017-03-28,np.float64(102906.67160848918),np.float64(1.0),5
2017-03-29,np.float64(103043.4417191073),np.float64(1.0),5
2017-03-30,np.float64(103472.69124998448),np.float64(1.0),5
2017-03-31,np.float64(103064.95456429462),np.float64(1.0),5
2017-04-03,np.float64(102801.17522772036),np.float64(1.0),5
2017-04-04,np.float64(102962.10564803066),np.float64(0.9982808964545145),5
2017-04-05,np.float64(102332.33802020489),np.float64(0.9982703168490566),5
2017-04-06,np.float64(102318.87169298646),np.float64(0.9982700892030818),5
2017-04-07,np.float64(102465.27254895172),np.float64(0.9982725608738744),5
2017-04-10,np.float64(101319.16105115964),np.float64(1.0),5
2017-04-11,np.float64(101370.48932915946),np.float64(1.0),5
2017-04-12,np.float64(100350.97022616433),np.float64(1.0),5
2017-04-13,np.float64(98805.85562678901),np.float64(1.0),5
2017-04-17,np.float64(100853.225690205),np.float64(1.0),5
2017-04-18,np.float64(101060.47244900791),np.float64(1.0),5
2017-04-19,np.float64(101666.60155948547),np.float64(1.0),5
2017-04-20,np.float64(103296.92280775847),np.float64(1.0),5
2017-04-21,np.float64(102623.5766279445),np.float64(1.0),5
2017-04-24,np.float64(103930.82501638267),np.float64(1.0),5
2017-04-25,np.float64(104144.82125423502),np.float64(1.0),5
2017-04-26,np.float64(104001.2945734424),np.float64(1.0),5
2017-04-27,np.float64(103835.21271413205),np.float64(1.0),5
2017-04-28,np.float64(104280.9082319971),np.float64(1.0),5
2017-05-01,np.float64(104351.57537837405),np.float64(1.0),5
2017-05-02,np.float64(105029.47322968117),np.float64(1.0),5
2017-05-03,np.float64(105068.23240729571),np.float64(0.9985055653082738),5
2017-05-04,np.float64(105457.89407514692),np.float64(0.9985110871700518),5
2017-05-05,np.float64(105895.8275289595),np.float64(0.9985172445867627),5
2017-05-08,np.float64(105101.19826072843),np.float64(1.0),5
2017-05-09,np.float64(106165.65347701483),np.float64(1.0),5
2017-05-10,np.float64(107623.84899181871),np.float64(1.0),5
2017-05-11,np.float64(108127.90250312924),np.float64(1.0),5
2017-05-12,np.float64(108728.793376931),np.float64(1.0),5
2017-05-15,np.float64(109239.29129799693),np.float64(1.0),5
2017-05-16,np.float64(109867.90026495921),np.float64(0.9988684814912234),5
2017-05-17,np.float64(108499.60301238472),np.float64(0.9988542118199638),5
2017-05-18,np.float64(107115.0909469511),np.float64(0.9988394019780856),5
2017-05-19,np.float64(107094.61112919306),np.float64(0.9988391800356766),5
2017-05-22,np.float64(107428.83618206347),np.float64(1.0),5
2017-05-23,np.float64(107231.22234400839),np.float64(1.0),5
2017-05-24,np.float64(107676.29448931603),np.float64(1.0),5
2017-05-25,np.float64(108486.37071671471),np.float64(1.0),5
2017-05-26,np.float64(108955.3096815265),np.float64(1.0),5
2017-05-30,np.float64(108499.60886923049),np.float64(1.0),5
2017-05-31,np.float64(108083.84566834196),np.float64(1.0),5
2017-06-01,np.float64(108857.52103255269),np.float64(1.0),5
2017-06-02,np.float64(108921.26348707192),np.float64(1.0),5
2017-06-05,np.float64(109095.73588914661),np.float64(1.0),5
2017-06-06,np.float64(109213.0062937676),np.float64(1.0),5
2017-06-07,np.float64(109407.68701874714),np.float64(1.0),5
2017-06-08,np.float64(109485.62204814692),np.float64(1.0),5
2017-06-09,np.float64(109026.28382345408),np.float64(1.0),5
2017-06-12,np.float64(108987.41545824605),np.float64(1.0),5
2017-06-13,np.float64(110168.69135655076),np.float64(1.0),5
2017-06-14,np.float64(109290.90762414715),np.float64(1.0),5
2017-06-15,np.float64(108348.12654377196),np.float64(1.0),5
2017-06-16,np.float64(108092.37903101469),np.float64(1.0),5
2017-06-19,np.float64(109382.97468102086),np.float64(1.0),5
2017-06-20,np.float64(108348.69103998768),np.float64(1.0),5
2017-06-21,np.float64(109266.20318257346),np.float64(1.0),5
2017-06-22,np.float64(108422.95114023922),np.float64(1.0),5
2017-06-23,np.float64(108795.30162821675),np.float64(1.0),5
2017-06-26,np.float64(109375.44351663244),np.float64(1.0),5
2017-06-27,np.float64(108539.71933258009),np.float64(1.0),5
2017-06-28,np.float64(109341.13983966816),np.float64(1.0),5
2017-06-29,np.float64(108031.88197858656),np.float64(1.0),5
2017-06-30,np.float64(108407.77944487603),np.float64(1.0),5
2017-07-03,np.float64(105920.69704723755),np.float64(1.0),5
2017-07-05,np.float64(109787.52198366167),np.float64(1.0),5
2017-07-06,np.float64(108891.15742840628),np.float64(1.0),5
2017-07-07,np.float64(111172.05437587466),np.float64(1.0),5
2017-07-10,np.float64(111800.2884922268),np.float64(1.0),5
2017-07-11,np.float64(113349.4357087093),np.float64(1.0),5
2017-07-12,np.float64(114014.0843828467),np.float64(1.0),5
2017-07-13,np.float64(113524.95452173178),np.float64(1.0),5
2017-07-14,np.float64(114458.54595423839),np.float64(1.0),5
2017-07-17,np.float64(113910.18070361768),np.float64(1.0),5
2017-07-18,np.float64(114012.96613040887),np.float64(1.0),5
2017-07-19,np.float64(114282.67939740315),np.float64(1.0),5
2017-07-20,np.float64(114507.76816708005),np.float64(1.0),5
2017-07-21,np.float64(114461.73852072074),np.float64(1.0),5
2017-07-24,np.float64(114228.65311135628),np.float64(1.0),5
2017-07-25,np.float64(115321.3377813645),np.float64(1.0),5
2017-07-26,np.float64(115023.74612617517),np.float64(1.0),5
2017-07-27,np.float64(114705.68507643775),np.float64(1.0),5
2017-07-28,np.float64(114536.73671664302),np.float64(1.0),5
2017-07-31,np.float64(112901.5667254623),np.float64(1.0),5
2017-08-01,np.float64(113092.26842518516),np.float64(1.0),5
2017-08-02,np.float64(112555.46332096733),np.float64(1.0),5
2017-08-03,np.float64(112051.31174701915),np.float64(1.0),5
2017-08-04,np.float64(112271.22210613042),np.float64(1.0),5
2017-08-07,np.float64(113632.428851174),np.float64(1.0),5
2017-08-08,np.float64(113188.5126841927),np.float64(1.0),5
2017-08-09,np.float64(112278.45826100637),np.float64(1.0),5
2017-08-10,np.float64(108778.85998474572),np.float64(1.0),5
2017-08-11,np.float64(110109.51775270718),np.float64(1.0),5
2017-08-14,np.float64(113751.94984521793),np.float64(1.0),5
2017-08-15,np.float64(113735.32200271712),np.float64(1.0),5
2017-08-16,np.float64(113018.55097069929),np.float64(1.0),5
2017-08-17,np.float64(110802.94181176323),np.float64(1.0),5
2017-08-18,np.float64(110973.89206837912),np.float64(1.0),5
2017-08-21,np.float64(111425.03074190758),np.float64(1.0),5
2017-08-22,np.float64(112035.90858445772),np.float64(1.0),5
2017-08-23,np.float64(111680.02509313758),np.float64(1.0),5
2017-08-24,np.float64(111520.48554802228),np.float64(1.0),5
2017-08-25,np.float64(111639.76987241546),np.float64(1.0),5
2017-08-28,np.float64(111887.23298661174),np.float64(1.0),5
2017-08-29,np.float64(112536.42178174522),np.float64(1.0),5
2017-08-30,np.float64(113858.87485633),np.float64(0.9986381128843451),5
2017-08-31,np.float64(114552.03951591671),np.float64(0.9986463537853619),5
2017-09-01,np.float64(114741.1315467174),np.float64(0.99864858457835),5
2017-09-05,np.float64(113982.5391133475),np.float64(1.0),5
2017-09-06,np.float64(114859.41006797824),np.float64(1.0),5
2017-09-07,np.float64(115089.1412654483),np.float64(1.0),5
2017-09-08,np.float64(114412.50844740948),np.float64(1.0),5
2017-09-11,np.float64(115610.7305461305),np.float64(1.0),5
2017-09-12,np.float64(115437.23317535361),np.float64(1.0),5
2017-09-13,np.float64(115150.43786908599),np.float64(1.0),5
2017-09-14,np.float64(115263.98416596264),np.float64(1.0),5
2017-09-15,np.float64(116800.39133130477),np.float64(1.0),5
2017-09-18,np.float64(117185.45883003688),np.float64(1.0),5
2017-09-19,np.float64(116960.07435982334),np.float64(1.0),5
2017-09-20,np.float64(116872.63888194224),np.float64(1.0),5
2017-09-21,np.float64(116433.72987187828),np.float64(1.0),5
2017-09-22,np.float64(116289.17802710632),np.float64(1.0),5
2017-09-25,np.float64(115064.79140946189),np.float64(1.0),5
2017-09-26,np.float64(115759.1068468256),np.float64(1.0),5
2017-09-27,np.float64(115984.69830016879),np.float64(1.0),5
2017-09-28,np.float64(116153.45618888075),np.float64(1.0),5
2017-09-29,np.float64(116667.9087486708),np.float64(1.0),5
2017-10-02,np.float64(116852.80382443445),np.float64(1.0),5
2017-10-03,np.float64(117799.25150813401),np.float64(1.0),5
2017-10-04,np.float64(118147.10614009033),np.float64(1.0),5
2017-10-05,np.float64(118595.46510597611),np.float64(1.0),5
2017-10-06,np.float64(118598.76453833682),np.float64(1.0),5
2017-10-09,np.float64(118323.94149286416),np.float64(1.0),5
2017-10-10,np.float64(119158.02942696506),np.float64(0.9992167021148963),5
2017-10-11,np.float64(119719.46375189042),np.float64(0.9992203754550998),5
2017-10-12,np.float64(119754.55285223243),np.float64(0.9992206038917081),5
2017-10-13,np.float64(120406.45355371211),np.float64(0.9992248236727475),5
2017-10-16,np.float64(120808.70670015889),np.float64(1.0),5
2017-10-17,np.float64(120751.81775182576),np.float64(1.0),5
2017-10-18,np.float64(120959.52243660252),np.float64(1.0),5
2017-10-19,np.float64(121216.1939755866),np.float64(1.0),5
2017-10-20,np.float64(122662.59955976617),np.float64(1.0),5
2017-10-23,np.float64(122517.75076980985),np.float64(1.0),5
2017-10-24,np.float64(123744.46829312971),np.float64(1.0),5
2017-10-25,np.float64(122856.93180826871),np.float64(1.0),5
2017-10-26,np.float64(122947.19139633855),np.float64(1.0),5
2017-10-27,np.float64(127942.7292807718),np.float64(1.0),5
2017-10-30,np.float64(126315.37443296037),np.float64(1.0),5
2017-10-31,np.float64(127539.08918514922),np.float64(1.0),5
2017-11-01,np.float64(126265.50611688028),np.float64(1.0),5
2017-11-02,np.float64(124652.69686622327),np.float64(1.0),5
2017-11-03,np.float64(125926.14391825028),np.float64(1.0),5
2017-11-06,np.float64(127281.85317144443),np.float64(1.0),5
2017-11-07,np.float64(128047.78112151643),np.float64(1.0),5
2017-11-08,np.float64(128648.89239900783),np.float64(1.0),5
2017-11-09,np.float64(128415.17400924227),np.float64(1.0),5
2017-11-10,np.float64(128659.36600150372),np.float64(0.9981628739623543),5
2017-11-13,np.float64(129378.1335853938),np.float64(1.0),5
2017-11-14,np.float64(129099.2629807104),np.float64(1.0),5
2017-11-15,np.float64(128944.89620262553),np.float64(1.0),5
2017-11-16,np.float64(131645.76752418347),np.float64(1.0),5
2017-11-17,np.float64(131103.86971611326),np.float64(1.0),5
2017-11-20,np.float64(131041.30404057278),np.float64(1.0),5
2017-11-21,np.float64(132082.43821643403),np.float64(1.0),5
2017-11-22,np.float64(132103.01607568125),np.float64(1.0),5
2017-11-24,np.float64(132427.65447625777),np.float64(1.0),5
2017-11-27,np.float64(132231.86306259152),np.float64(1.0),5
2017-11-28,np.float64(133666.8361971493),np.float64(1.0),5
2017-11-29,np.float64(133824.31052092023),np.float64(1.0),5
2017-11-30,np.float64(134753.55266748797),np.float64(0.9984159015230005),5
2017-12-01,np.float64(135004.02853182238),np.float64(0.9984188405348177),5
2017-12-04,np.float64(130282.48943005843),np.float64(1.0),5
2017-12-05,np.float64(131676.81862591128),np.float64(1.0),5
2017-12-06,np.float64(133265.83457434256),np.float64(1.0),5
2017-12-07,np.float64(135979.76222056698),np.float64(1.0),5
2017-12-08,np.float64(135767.39425906457),np.float64(1.0),5
2017-12-11,np.float64(136911.0570823509),np.float64(1.0),5
2017-12-12,np.float64(135563.14885416933),np.float64(1.0),5
2017-12-13,np.float64(137529.11724392168),np.float64(1.0),5
2017-12-14,np.float64(137043.5455342287),np.float64(1.0),5
2017-12-15,np.float64(139484.00300443775),np.float64(1.0),5
2017-12-18,np.float64(141027.03393699348),np.float64(1.0),5
2017-12-19,np.float64(140718.11501208873),np.float64(1.0),5
2017-12-20,np.float64(142061.4976885789),np.float64(1.0),5
2017-12-21,np.float64(141481.20485162802),np.float64(1.0),5
2017-12-22,np.float64(141183.63989864208),np.float64(1.0),5
2017-12-26,np.float64(139627.55301310058),np.float64(1.0),5
2017-12-27,np.float64(139197.49941197343),np.float64(1.0),5
2017-12-28,np.float64(139686.6663063206),np.float64(1.0),5
2017-12-29,np.float64(138801.52458377846),np.float64(1.0),5
2018-01-02,np.float64(143822.2941258085),np.float64(1.0),5
2018-01-03,np.float64(146409.96792292298),np.float64(1.0),5
2018-01-04,np.float64(149214.97406818398),np.float64(1.0),5
2018-01-05,np.float64(148731.34617661784),np.float64(1.0),5
2018-01-08,np.float64(148946.0000391706),np.float64(1.0),5
2018-01-09,np.float64(148490.20434185083),np.float64(1.0),5
2018-01-10,np.float64(147311.4891019549),np.float64(1.0),5
2018-01-11,np.float64(148551.29698144004),np.float64(1.0),5
2018-01-12,np.float64(149206.94788743925),np.float64(1.0),5
2018-01-16,np.float64(148535.43037591834),np.float64(1.0),5
2018-01-17,np.float64(150825.322454447),np.float64(1.0),5
2018-01-18,np.float64(151472.10100662237),np.float64(1.0),5
2018-01-19,np.float64(150993.40148875042),np.float64(1.0),5
2018-01-22,np.float64(152432.66911699253),np.float64(1.0),5
2018-01-23,np.float64(152459.9093801355),np.float64(1.0),5
2018-01-24,np.float64(151633.13007684294),np.float64(1.0),5
2018-01-25,np.float64(152740.0302352261),np.float64(1.0),5
2018-01-26,np.float64(154185.81782407835),np.float64(1.0),5
2018-01-29,np.float64(152682.28060091025),np.float64(1.0),5
2018-01-30,np.float64(151406.27359357898),np.float64(1.0),5
2018-01-31,np.float64(152340.25056104088),np.float64(1.0),5
2018-02-01,np.float64(151184.31592017913),np.float64(1.0),5
2018-02-02,np.float64(148042.32026583454),np.float64(1.0),5
2018-02-05,np.float64(141869.37377901544),np.float64(1.0),5
2018-02-06,np.float64(145551.55269305024),np.float64(0.9986945301561032),5
2018-02-07,np.float64(143312.04891789323),np.float64(0.9986741298850454),5
2018-02-08,np.float64(136861.5512290511),np.float64(0.9986116395651901),5
2018-02-09,np.float64(141049.8409141578),np.float64(0.9978279042516478),5
2018-02-12,np.float64(142843.63382174182),np.float64(1.0),5
2018-02-13,np.float64(143958.6138372591),np.float64(1.0),5
2018-02-14,np.float64(144108.88720772555),np.float64(1.0),5
2018-02-15,np.float64(145945.2030219921),np.float64(1.0),5
2018-02-16,np.float64(145453.1555598991),np.float64(1.0),5
2018-02-20,np.float64(144217.78652245976),np.float64(1.0),5
2018-02-21,np.float64(143337.96771739906),np.float64(1.0),5
2018-02-22,np.float64(143651.9950826432),np.float64(1.0),5
2018-02-23,np.float64(146086.54030443233),np.float64(1.0),5
2018-02-26,np.float64(148765.3368391739),np.float64(1.0),5
2018-02-27,np.float64(147521.88729204595),np.float64(0.9982380892557033),5
2018-02-28,np.float64(145980.69705388145),np.float64(0.9982194878947396),5
2018-03-01,np.float64(145315.67752990467),np.float64(0.9967306328647892),5
2018-03-02,np.float64(145589.9840740095),np.float64(0.9967367926896287),5
2018-03-05,np.float64(147302.6920327398),np.float64(1.0),5
2018-03-06,np.float64(146640.79084295966),np.float64(1.0),5
2018-03-07,np.float64(147477.4899079047),np.float64(1.0),5
2018-03-08,np.float64(147591.50263815615),np.float64(0.9988418562081213),5
2018-03-09,np.float64(149857.3444543001),np.float64(0.9988593673327332),5
2018-03-12,np.float64(151526.23211818872),np.float64(1.0),5
2018-03-13,np.float64(149201.2126348827),np.float64(1.0),5
2018-03-14,np.float64(146975.33218036342),np.float64(1.0),5
2018-03-15,np.float64(147186.2992926314),np.float64(1.0),5
2018-03-16,np.float64(148044.7068706987),np.float64(1.0),5
2018-03-19,np.float64(145553.60014328724),np.float64(1.0),5
2018-03-20,np.float64(146199.7105008466),np.float64(1.0),5
2018-03-21,np.float64(146087.7924818248),np.float64(1.0),5
2018-03-22,np.float64(142258.4873398701),np.float64(1.0),5
2018-03-23,np.float64(137970.14436596),np.float64(1.0),5
2018-03-26,np.float64(142273.225280019),np.float64(1.0),5
2018-03-27,np.float64(137058.3946466336),np.float64(1.0),5
2018-03-28,np.float64(136617.5267369074),np.float64(1.0),5
2018-03-29,np.float64(140313.62531670622),np.float64(1.0),5
2018-04-02,np.float64(134693.6922181804),np.float64(1.0),5
2018-04-03,np.float64(138134.18319020374),np.float64(1.0),5
2018-04-04,np.float64(143012.1446985097),np.float64(1.0),5
2018-04-05,np.float64(144000.0531184957),np.float64(1.0),5
2018-04-06,np.float64(139515.95527730294),np.float64(1.0),5
2018-04-09,np.float64(140552.33535993643),np.float64(1.0),5
2018-04-10,np.float64(146481.98112153483),np.float64(1.0),5
2018-04-11,np.float64(146192.15679145823),np.float64(1.0),5
2018-04-12,np.float64(150834.8326653714),np.float64(1.0),5
2018-04-13,np.float64(149288.759028031),np.float64(1.0),5
2018-04-16,np.float64(149900.8570049074),np.float64(1.0),5
2018-04-17,np.float64(149838.72378566905),np.float64(1.0),5
2018-04-18,np.float64(148077.37276002826),np.float64(1.0),5
2018-04-19,np.float64(148278.76728442506),np.float64(1.0),5
2018-04-20,np.float64(146466.9269273809),np.float64(1.0),5
2018-04-23,np.float64(144847.63876391196),np.float64(1.0),5
2018-04-24,np.float64(142805.41951228864),np.float64(1.0),5
2018-04-25,np.float64(143109.42491078525),np.float64(1.0),5
2018-04-26,np.float64(145277.55097720536),np.float64(1.0),5
2018-04-27,np.float64(144305.74537990845),np.float64(1.0),5
2018-04-30,np.float64(144178.0698893854),np.float64(1.0),5
2018-05-01,np.float64(146781.5992565016),np.float64(1.0),5
2018-05-02,np.float64(146934.59690977336),np.float64(1.0),5
2018-05-03,np.float64(147396.82374359696),np.float64(1.0),5
2018-05-04,np.float64(151774.39525948343),np.float64(1.0),5
2018-05-07,np.float64(151707.73368763196),np.float64(1.0),5
2018-05-08,np.float64(151143.51975572156),np.float64(1.0),5
2018-05-09,np.float64(152114.72922815185),np.float64(1.0),5
2018-05-10,np.float64(153897.8093802645),np.float64(0.9994224627419116),5
2018-05-11,np.float64(154580.67156438844),np.float64(0.9973418664354339),5
2018-05-14,np.float64(154712.46471134748),np.float64(1.0),5
2018-05-15,np.float64(154202.52525750856),np.float64(1.0),5
2018-05-16,np.float64(155090.04205796364),np.float64(1.0),5
2018-05-17,np.float64(154256.76955714275),np.float64(1.0),5
2018-05-18,np.float64(153454.5488850723),np.float64(1.0),5
2018-05-21,np.float64(154317.47004473553),np.float64(1.0),5
2018-05-22,np.float64(153039.3993133798),np.float64(1.0),5
2018-05-23,np.float64(154252.31748387683),np.float64(0.9992119369585734),5
2018-05-24,np.float64(154669.67879954778),np.float64(0.9992140634712187),5
2018-05-25,np.float64(155405.39898661248),np.float64(0.9992177842516661),5
2018-05-29,np.float64(154793.78285139502),np.float64(1.0),5
2018-05-30,np.float64(157847.19224735542),np.float64(1.0),5
2018-05-31,np.float64(156487.86373564045),np.float64(1.0),5
2018-06-01,np.float64(157226.74282105014),np.float64(1.0),5
2018-06-04,np.float64(159519.97678779342),np.float64(1.0),5
2018-06-05,np.float64(158964.6251171891),np.float64(1.0),5
2018-06-06,np.float64(159987.33659760686),np.float64(1.0),5
2018-06-07,np.float64(161303.0056921012),np.float64(1.0),5
2018-06-08,np.float64(162515.7932811243),np.float64(1.0),5
2018-06-11,np.float64(162357.72117343676),np.float64(1.0),5
2018-06-12,np.float64(163695.6522658204),np.float64(1.0),5
2018-06-13,np.float64(163836.7371309459),np.float64(1.0),5
2018-06-14,np.float64(165040.69482831142),np.float64(1.0),5
2018-06-15,np.float64(164026.63706030103),np.float64(1.0),5
2018-06-18,np.float64(163804.0265531986),np.float64(1.0),5
2018-06-19,np.float64(164172.65503911095),np.float64(1.0),5
2018-06-20,np.float64(161311.33333594832),np.float64(1.0),5
2018-06-21,np.float64(161312.43180144578),np.float64(1.0),5
2018-06-22,np.float64(161222.777692916),np.float64(1.0),5
2018-06-25,np.float64(159039.5738380782),np.float64(1.0),5
2018-06-26,np.float64(160067.99137529728),np.float64(1.0),5
2018-06-27,np.float64(157622.66884697243),np.float64(1.0),5
2018-06-28,np.float64(159684.37586160065),np.float64(1.0),5
2018-06-29,np.float64(159477.02111270058),np.float64(1.0),5
2018-07-02,np.float64(164226.57163859153),np.float64(1.0),5
2018-07-03,np.float64(160307.64950921948),np.float64(1.0),5
2018-07-05,np.float64(164772.79833698855),np.float64(1.0),5
2018-07-06,np.float64(166616.0729711497),np.float64(1.0),5
2018-07-09,np.float64(169585.38843614995),np.float64(1.0),5
2018-07-10,np.float64(170574.86047513923),np.float64(1.0),5
2018-07-11,np.float64(169508.5806599816),np.float64(1.0),5
2018-07-12,np.float64(170691.5461105497),np.float64(1.0),5
2018-07-13,np.float64(170221.71680273628),np.float64(1.0),5
2018-07-16,np.float64(170148.49014063834),np.float64(1.0),5
2018-07-17,np.float64(170669.8397784523),np.float64(1.0),5
2018-07-18,np.float64(169822.3890666595),np.float64(1.0),5
2018-07-19,np.float64(168807.74223879335),np.float64(1.0),5
2018-07-20,np.float64(168320.15757033796),np.float64(1.0),5
2018-07-23,np.float64(169109.6895165984),np.float64(1.0),5
2018-07-24,np.float64(169249.10029175977),np.float64(1.0),5
2018-07-25,np.float64(171902.1598576669),np.float64(1.0),5
2018-07-26,np.float64(172457.27619150226),np.float64(1.0),5
2018-07-27,np.float64(168925.21029950498),np.float64(1.0),5
2018-07-30,np.float64(165752.32613596044),np.float64(1.0),5
2018-07-31,np.float64(167277.82818991353),np.float64(1.0),5
2018-08-01,np.float64(167621.55959312696),np.float64(1.0),5
2018-08-02,np.float64(175678.32954986277),np.float64(1.0),5
2018-08-03,np.float64(176351.99081362665),np.float64(1.0),5
2018-08-06,np.float64(177309.1594717423),np.float64(1.0),5
2018-08-07,np.float64(178727.73208356573),np.float64(1.0),5
2018-08-08,np.float64(178457.19002917004),np.float64(1.0),5
2018-08-09,np.float64(178704.0454778665),np.float64(1.0),5
2018-08-10,np.float64(177880.672813279),np.float64(0.9979786119766595),5
2018-08-13,np.float64(176540.1844056964),np.float64(1.0),5
2018-08-14,np.float64(175875.5106408145),np.float64(1.0),5
2018-08-15,np.float64(173809.3474080863),np.float64(1.0),5
2018-08-16,np.float64(174497.48095091217),np.float64(1.0),5
2018-08-17,np.float64(175515.98196949263),np.float64(1.0),5
2018-08-20,np.float64(180161.1835485815),np.float64(1.0),5
2018-08-21,np.float64(185295.76808398904),np.float64(1.0),5
2018-08-22,np.float64(187119.4980080455),np.float64(0.9991425071747655),5
2018-08-23,np.float64(186365.1676974321),np.float64(0.9991390363929815),5
2018-08-24,np.float64(190358.6524216421),np.float64(0.9991570983248611),5
2018-08-27,np.float64(191344.56879463463),np.float64(1.0),5
2018-08-28,np.float64(191392.63323989618),np.float64(1.0),5
2018-08-29,np.float64(191937.64796869247),np.float64(1.0),5
2018-08-30,np.float64(191948.01869091115),np.float64(1.0),5
2018-08-31,np.float64(191808.4002210013),np.float64(1.0),5
2018-09-04,np.float64(190288.4834816812),np.float64(1.0),5
2018-09-05,np.float64(189560.4349816012),np.float64(1.0),5
2018-09-06,np.float64(189475.1825457212),np.float64(1.0),5
2018-09-07,np.float64(187153.39491715629),np.float64(1.0),5
2018-09-10,np.float64(189703.97344361307),np.float64(1.0),5
2018-09-11,np.float64(188268.17625249506),np.float64(1.0),5
2018-09-12,np.float64(186010.11184539416),np.float64(1.0),5
2018-09-13,np.float64(188089.40989666),np.float64(1.0),5
2018-09-14,np.float64(189737.76533391798),np.float64(1.0),5
2018-09-17,np.float64(187660.85126034525),np.float64(1.0),5
2018-09-18,np.float64(189470.8755158821),np.float64(1.0),5
2018-09-19,np.float64(190308.96084756654),np.float64(1.0),5
2018-09-20,np.float64(192066.65914995677),np.float64(1.0),5
2018-09-21,np.float64(191786.91639162056),np.float64(1.0),5
2018-09-24,np.float64(194858.98564894166),np.float64(1.0),5
2018-09-25,np.float64(196797.52424131354),np.float64(1.0),5
2018-09-26,np.float64(195902.65063215315),np.float64(1.0),5
2018-09-27,np.float64(198233.57991873543),np.float64(1.0),5
2018-09-28,np.float64(198064.6830981148),np.float64(1.0),5
2018-10-01,np.float64(199702.95888727152),np.float64(1.0),5
2018-10-02,np.float64(198540.90565372584),np.float64(1.0),5
2018-10-03,np.float64(196873.36880734368),np.float64(1.0),5
2018-10-04,np.float64(195172.78646648733),np.float64(0.9985607424312399),5
2018-10-05,np.float64(191599.07350649874),np.float64(0.9985338973461771),5
2018-10-08,np.float64(192181.09036315646),np.float64(1.0),5
2018-10-09,np.float64(193051.91909662925),np.float64(1.0),5
2018-10-10,np.float64(185537.08994599365),np.float64(1.0),5
2018-10-11,np.float64(184065.09637605972),np.float64(1.0),5
2018-10-12,np.float64(188403.970034572),np.float64(1.0),5
2018-10-15,np.float64(185399.60449835862),np.float64(1.0),5
2018-10-16,np.float64(191385.78625725303),np.float64(1.0),5
2018-10-17,np.float64(191699.2241692293),np.float64(1.0),5
2018-10-18,np.float64(188426.10371595062),np.float64(1.0),5
2018-10-19,np.float64(187218.85539147133),np.float64(1.0),5
2018-10-22,np.float64(188224.9782624765),np.float64(1.0),5
2018-10-23,np.float64(185124.36217616056),np.float64(1.0),5
2018-10-24,np.float64(171398.30695716606),np.float64(1.0),5
2018-10-25,np.float64(171183.94137761169),np.float64(1.0),5
2018-10-26,np.float64(162943.59740338492),np.float64(1.0),5
2018-10-29,np.float64(157055.8071006153),np.float64(1.0),5
2018-10-30,np.float64(162609.8659672992),np.float64(1.0),5
2018-10-31,np.float64(169439.55681268507),np.float64(1.0),5
2018-11-01,np.float64(178643.49813001184),np.float64(1.0),5
2018-11-02,np.float64(177967.87873167053),np.float64(1.0),5
2018-11-05,np.float64(177954.5262403173),np.float64(1.0),5
2018-11-06,np.float64(179223.12065724962),np.float64(1.0),5
2018-11-07,np.float64(185031.26232909728),np.float64(1.0),5
2018-11-08,np.float64(184012.13689305057),np.float64(0.9993095416332399),5
2018-11-09,np.float64(181693.7536885951),np.float64(0.9993007314950355),5
2018-11-12,np.float64(174035.97865402055),np.float64(1.0),5
2018-11-13,np.float64(177035.21422382758),np.float64(1.0),5
2018-11-14,np.float64(177295.83914929442),np.float64(1.0),5
2018-11-15,np.float64(182366.82879118985),np.float64(1.0),5
2018-11-16,np.float64(174795.3381210216),np.float64(1.0),5
2018-11-19,np.float64(165423.74373042583),np.float64(1.0),5
2018-11-20,np.float64(163004.35031150698),np.float64(1.0),5
2018-11-21,np.float64(161929.92131211696),np.float64(1.0),5
2018-11-23,np.float64(160755.69645307978),np.float64(1.0),5
2018-11-26,np.float64(164070.70274882892),np.float64(1.0),5
2018-11-27,np.float64(164833.2937663768),np.float64(1.0),5
2018-11-28,np.float64(171394.67204142862),np.float64(1.0),5
2018-11-29,np.float64(171122.43902681183),np.float64(0.9997960751771022),5
2018-11-30,np.float64(172971.85672857342),np.float64(0.9997982555443853),5
2018-12-03,np.float64(179297.43567625494),np.float64(1.0),5
2018-12-04,np.float64(175727.62010733556),np.float64(1.0),5
2018-12-06,np.float64(173219.22369430366),np.float64(0.998904883855162),5
2018-12-07,np.float64(171221.01712841933),np.float64(0.9988921034832909),5
2018-12-10,np.float64(173016.0551343871),np.float64(1.0),5
2018-12-11,np.float64(172167.1025948292),np.float64(1.0),5
2018-12-12,np.float64(174711.08159210684),np.float64(1.0),5
2018-12-13,np.float64(173783.86143806935),np.float64(1.0),5
2018-12-14,np.float64(169294.70954509688),np.float64(1.0),5
2018-12-17,np.float64(167638.61546503697),np.float64(1.0),5
2018-12-18,np.float64(167659.09356055892),np.float64(1.0),5
2018-12-19,np.float64(163874.08581125818),np.float64(1.0),5
2018-12-20,np.float64(161445.97040566013),np.float64(1.0),5
2018-12-21,np.float64(159358.99404508743),np.float64(1.0),5
2018-12-24,np.float64(156488.47527521595),np.float64(1.0),5
2018-12-26,np.float64(167922.19653302745),np.float64(1.0),5
2018-12-27,np.float64(168249.4426069872),np.float64(1.0),5
2018-12-28,np.float64(168181.3725999899),np.float64(1.0),5
2018-12-31,np.float64(170404.232346086),np.float64(1.0),5
2019-01-02,np.float64(170407.52301021124),np.float64(1.0),5
2019-01-03,np.float64(167544.62998437276),np.float64(1.0),5
2019-01-04,np.float64(173010.85328476835),np.float64(1.0),5
2019-01-07,np.float64(172662.4727145237),np.float64(1.0),5
2019-01-08,np.float64(174551.371871279),np.float64(1.0),5
2019-01-09,np.float64(174744.977533258),np.float64(1.0),5
2019-01-10,np.float64(176121.29036435275),np.float64(1.0),5
2019-01-11,np.float64(176135.99687646917),np.float64(1.0),5
2019-01-14,np.float64(175524.98007733672),np.float64(1.0),5
2019-01-15,np.float64(177821.1712562931),np.float64(1.0),5
2019-01-16,np.float64(177503.60637067465),np.float64(1.0),5
2019-01-17,np.float64(178601.00841076567),np.float64(1.0),5
2019-01-18,np.float64(180568.63891194604),np.float64(1.0),5
2019-01-22,np.float64(176847.26016246557),np.float64(1.0),5
2019-01-23,np.float64(174662.3149879444),np.float64(1.0),5
2019-01-24,np.float64(175955.36914480387),np.float64(1.0),5
2019-01-25,np.float64(179428.91754909506),np.float64(1.0),5
2019-01-28,np.float64(177458.62196888492),np.float64(1.0),5
2019-01-29,np.float64(175803.42856165898),np.float64(1.0),5
2019-01-30,np.float64(179874.97364751258),np.float64(1.0),5
2019-01-31,np.float64(179320.59393018996),np.float64(1.0),5
2019-02-01,np.float64(180536.81361159042),np.float64(1.0),5
2019-02-04,np.float64(183334.9417706353),np.float64(1.0),5
2019-02-05,np.float64(185691.54508215724),np.float64(1.0),5
2019-02-06,np.float64(185903.64076105133),np.float64(1.0),5
2019-02-07,np.float64(183691.31600558048),np.float64(1.0),5
2019-02-08,np.float64(182803.46184976274),np.float64(1.0),5
2019-02-11,np.float64(182232.53696837043),np.float64(1.0),5
2019-02-12,np.float64(184944.06618688465),np.float64(1.0),5
2019-02-13,np.float64(185714.19872909857),np.float64(1.0),5
2019-02-14,np.float64(185492.16262218327),np.float64(1.0),5
2019-02-15,np.float64(188438.55294079692),np.float64(1.0),5
2019-02-19,np.float64(188598.90517825808),np.float64(1.0),5
2019-02-20,np.float64(188850.378530968),np.float64(0.9989809648415822),5
2019-02-21,np.float64(188760.26177313243),np.float64(0.9989804783401134),5
2019-02-22,np.float64(189977.52321602427),np.float64(0.9989870108203024),5
2019-02-25,np.float64(190190.39197823772),np.float64(1.0),5
2019-02-26,np.float64(189455.86340162766),np.float64(1.0),5
2019-02-27,np.float64(190617.64064128592),np.float64(1.0),5
2019-02-28,np.float64(191843.68890834687),np.float64(1.0),5
2019-03-01,np.float64(189261.37870821066),np.float64(1.0),5
2019-03-04,np.float64(189580.74927204632),np.float64(1.0),5
2019-03-05,np.float64(188915.6478692575),np.float64(1.0),5
2019-03-06,np.float64(185241.758909853),np.float64(1.0),5
2019-03-07,np.float64(183264.3866746807),np.float64(1.0),5
2019-03-08,np.float64(184062.69485360518),np.float64(1.0),5
2019-03-11,np.float64(188192.63692754298),np.float64(1.0),5
2019-03-12,np.float64(189884.580479146),np.float64(1.0),5
2019-03-13,np.float64(190010.80833964446),np.float64(1.0),5
2019-03-14,np.float64(188937.65821702874),np.float64(1.0),5
2019-03-15,np.float64(192552.88688732282),np.float64(1.0),5
2019-03-18,np.float64(191439.19343776346),np.float64(1.0),5
2019-03-19,np.float64(192465.26431304027),np.float64(1.0),5
2019-03-20,np.float64(192965.97255391785),np.float64(1.0),5
2019-03-21,np.float64(194791.5711288384),np.float64(1.0),5
2019-03-22,np.float64(192225.96696157366),np.float64(1.0),5
2019-03-25,np.float64(190477.3993030773),np.float64(1.0),5
2019-03-26,np.float64(193321.3036881513),np.float64(1.0),5
2019-03-27,np.float64(193998.5076844566),np.float64(1.0),5
2019-03-28,np.float64(195162.1212153253),np.float64(1.0),5
2019-03-29,np.float64(196678.43522761847),np.float64(1.0),5
2019-04-01,np.float64(199494.6699513277),np.float64(1.0),5
2019-04-02,np.float64(199860.6067062767),np.float64(1.0),5
2019-04-03,np.float64(204288.26778646323),np.float64(1.0),5
2019-04-04,np.float64(203832.50873817864),np.float64(1.0),5
2019-04-05,np.float64(203437.9185079244),np.float64(1.0),5
2019-04-08,np.float64(202914.55705327354),np.float64(1.0),5
2019-04-09,np.float64(203028.21561635804),np.float64(1.0),5
2019-04-10,np.float64(203629.1196351283),np.float64(0.9991115039260379),5
2019-04-11,np.float64(203369.60888138885),np.float64(0.9991103701564097),5
2019-04-12,np.float64(204340.4666475802),np.float64(0.9991145969454389),5
2019-04-15,np.float64(204326.4365223212),np.float64(1.0),5
2019-04-16,np.float64(216072.44396794456),np.float64(1.0),5
2019-04-17,np.float64(222225.62517730595),np.float64(1.0),5
2019-04-18,np.float64(223591.34071419545),np.float64(1.0),5
2019-04-22,np.float64(227721.13172087964),np.float64(1.0),5
2019-04-23,np.float64(230972.0441660881),np.float64(1.0),5
2019-04-24,np.float64(227924.87355747176),np.float64(1.0),5
2019-04-25,np.float64(228969.29363170813),np.float64(1.0),5
2019-04-26,np.float64(230612.23104860543),np.float64(1.0),5
2019-04-29,np.float64(231453.8394074336),np.float64(1.0),5
2019-04-30,np.float64(232703.23460794173),np.float64(1.0),5
2019-05-01,np.float64(230804.55090800943),np.float64(1.0),5
2019-05-02,np.float64(232746.77429352945),np.float64(1.0),5
2019-05-03,np.float64(236308.90715879362),np.float64(1.0),5
2019-05-06,np.float64(233706.56910361856),np.float64(1.0),5
2019-05-07,np.float64(229562.10290757188),np.float64(1.0),5
2019-05-08,np.float64(229313.4889227291),np.float64(1.0),5
2019-05-09,np.float64(228753.56300352895),np.float64(1.0),5
2019-05-10,np.float64(230906.8247953527),np.float64(0.9977450636328637),5
2019-05-13,np.float64(223086.185433797),np.float64(1.0),5
2019-05-14,np.float64(227615.67947527708),np.float64(1.0),5
2019-05-15,np.float64(229520.41730952894),np.float64(1.0),5
2019-05-16,np.float64(228252.1126982672),np.float64(1.0),5
2019-05-17,np.float64(226030.08395399776),np.float64(1.0),5
2019-05-20,np.float64(219178.68781518762),np.float64(1.0),5
2019-05-21,np.float64(222639.98931669554),np.float64(1.0),5
2019-05-22,np.float64(216102.1036413938),np.float64(1.0),5
2019-05-23,np.float64(211947.71883683055),np.float64(1.0),5
2019-05-24,np.float64(209674.041046819),np.float64(1.0),5
2019-05-28,np.float64(206914.12444519685),np.float64(1.0),5
2019-05-29,np.float64(206884.51830479378),np.float64(1.0),5
2019-05-30,np.float64(207549.36744570994),np.float64(0.9997777275818599),5
2019-05-31,np.float64(204033.98227077452),np.float64(0.999773897959192),5
2019-06-03,np.float64(202821.4541669753),np.float64(1.0),5
2019-06-04,np.float64(211970.17983756104),np.float64(1.0),5
2019-06-05,np.float64(212027.92479947058),np.float64(1.0),5
2019-06-06,np.float64(216727.05762194458),np.float64(1.0),5
2019-06-07,np.float64(218205.19285737042),np.float64(1.0),5
2019-06-10,np.float64(221616.5460146851),np.float64(1.0),5
2019-06-11,np.float64(221901.06306226284),np.float64(1.0),5
2019-06-12,np.float64(220417.24225871943),np.float64(1.0),5
2019-06-13,np.float64(221904.7824248058),np.float64(1.0),5
2019-06-14,np.float64(222465.7239443862),np.float64(1.0),5
2019-06-17,np.float64(223008.29941795103),np.float64(1.0),5
2019-06-18,np.float64(230385.13240877903),np.float64(1.0),5
2019-06-19,np.float64(231774.7497911162),np.float64(1.0),5
2019-06-20,np.float64(232733.38913269242),np.float64(1.0),5
2019-06-21,np.float64(230160.69696409194),np.float64(0.9980570617709648),5
2019-06-24,np.float64(230626.57620918413),np.float64(1.0),5
2019-06-25,np.float64(229742.86752592865),np.float64(1.0),5
2019-06-26,np.float64(229860.94685191655),np.float64(1.0),5
2019-06-27,np.float64(230677.3714326913),np.float64(1.0),5
2019-06-28,np.float64(230552.9333085334),np.float64(1.0),5
2019-07-01,np.float64(233700.19082155553),np.float64(1.0),5
2019-07-02,np.float64(235912.11071617482),np.float64(1.0),5
2019-07-03,np.float64(238585.29095215924),np.float64(0.9987580659356308),5
2019-07-05,np.float64(238238.59779732386),np.float64(0.9987562586296659),5
2019-07-08,np.float64(237201.93283466756),np.float64(1.0),5
2019-07-09,np.float64(238018.7007471114),np.float64(1.0),5
2019-07-10,np.float64(240101.76050101742),np.float64(1.0),5
2019-07-11,np.float64(242517.4600734801),np.float64(1.0),5
2019-07-12,np.float64(243913.56671116198),np.float64(1.0),5
2019-07-15,np.float64(244940.3199252354),np.float64(1.0),5
2019-07-16,np.float64(243767.5990086431),np.float64(1.0),5
2019-07-17,np.float64(242453.1257959879),np.float64(1.0),5
2019-07-18,np.float64(238076.10095548275),np.float64(1.0),5
2019-07-19,np.float64(233738.3926798254),np.float64(1.0),5
2019-07-22,np.float64(232540.41941985194),np.float64(1.0),5
2019-07-23,np.float64(232344.92559447204),np.float64(1.0),5
2019-07-24,np.float64(234255.2013864082),np.float64(1.0),5
2019-07-25,np.float64(235813.02535352408),np.float64(1.0),5
2019-07-26,np.float64(237962.93239547714),np.float64(1.0),5
2019-07-29,np.float64(239566.84380085257),np.float64(1.0),5
2019-07-30,np.float64(240395.75173680688),np.float64(1.0),5
2019-07-31,np.float64(237479.4803326424),np.float64(1.0),5
2019-08-01,np.float64(233756.32740405755),np.float64(1.0),5
2019-08-02,np.float64(232272.43687128683),np.float64(1.0),5
2019-08-05,np.float64(226427.10978619492),np.float64(1.0),5
2019-08-06,np.float64(228668.57331378543),np.float64(1.0),5
2019-08-07,np.float64(230032.8488558821),np.float64(1.0),5
2019-08-08,np.float64(240842.30078664373),np.float64(1.0),5
2019-08-09,np.float64(240066.69537364162),np.float64(1.0),5
2019-08-12,np.float64(237978.0582837556),np.float64(1.0),5
2019-08-13,np.float64(244539.18349621395),np.float64(1.0),5
2019-08-14,np.float64(235736.03582888216),np.float64(1.0),5
2019-08-15,np.float64(235798.79874602714),np.float64(1.0),5
2019-08-16,np.float64(243518.76587423316),np.float64(1.0),5
2019-08-19,np.float64(248560.19384952955),np.float64(1.0),5
2019-08-20,np.float64(245886.34832763486),np.float64(1.0),5
2019-08-21,np.float64(248653.89167712582),np.float64(1.0),5
2019-08-22,np.float64(247882.08219772886),np.float64(1.0),5
2019-08-23,np.float64(237814.71777667117),np.float64(1.0),5
2019-08-26,np.float64(240396.8059783485),np.float64(1.0),5
2019-08-27,np.float64(240802.42187148464),np.float64(1.0),5
2019-08-28,np.float64(241075.2368819831),np.float64(1.0),5
2019-08-29,np.float64(244117.6597264219),np.float64(1.0),5
2019-08-30,np.float64(244143.94879291952),np.float64(1.0),5
2019-09-03,np.float64(242254.43544532222),np.float64(1.0),5
2019-09-04,np.float64(245043.56243980923),np.float64(1.0),5
2019-09-05,np.float64(248124.38700171188),np.float64(1.0),5
2019-09-06,np.float64(247778.21528258984),np.float64(1.0),5
2019-09-09,np.float64(245648.20633849993),np.float64(1.0),5
2019-09-10,np.float64(244967.36056332226),np.float64(1.0),5
2019-09-11,np.float64(247717.53830446713),np.float64(1.0),5
2019-09-12,np.float64(248094.34028027166),np.float64(1.0),5
2019-09-13,np.float64(248192.9975000918),np.float64(0.9985447613289627),5
2019-09-16,np.float64(247230.72330347289),np.float64(1.0),5
2019-09-17,np.float64(248931.55130744725),np.float64(1.0),5
2019-09-18,np.float64(248559.60577952306),np.float64(1.0),5
2019-09-19,np.float64(249237.579175257),np.float64(1.0),5
2019-09-20,np.float64(246961.23303542176),np.float64(1.0),5
2019-09-23,np.float64(247203.15601550124),np.float64(1.0),5
2019-09-24,np.float64(240913.36367828224),np.float64(1.0),5
2019-09-25,np.float64(247614.1672621992),np.float64(1.0),5
2019-09-26,np.float64(246266.7115035925),np.float64(1.0),5
2019-09-27,np.float64(243634.92180543992),np.float64(1.0),5
2019-09-30,np.float64(244852.48525816912),np.float64(1.0),5
2019-10-01,np.float64(243109.3315392746),np.float64(1.0),5
2019-10-02,np.float64(239783.59773490802),np.float64(1.0),5
2019-10-03,np.float64(244788.1917537456),np.float64(1.0),5
2019-10-04,np.float64(248334.46410696092),np.float64(1.0),5
2019-10-07,np.float64(248620.14508314885),np.float64(1.0),5
2019-10-08,np.float64(244891.39661653823),np.float64(1.0),5
2019-10-09,np.float64(247707.0202461662),np.float64(1.0),5
2019-10-10,np.float64(248589.45401208856),np.float64(1.0),5
2019-10-11,np.float64(251308.22751129657),np.float64(1.0),5
2019-10-14,np.float64(249739.7361627291),np.float64(1.0),5
2019-10-15,np.float64(251569.28528789125),np.float64(1.0),5
2019-10-16,np.float64(253226.88439477253),np.float64(1.0),5
2019-10-17,np.float64(254635.7445004062),np.float64(1.0),5
2019-10-18,np.float64(250860.18100268266),np.float64(1.0),5
2019-10-21,np.float64(252416.80348087882),np.float64(1.0),5
2019-10-22,np.float64(250342.64512649848),np.float64(1.0),5
2019-10-23,np.float64(252145.18600253176),np.float64(1.0),5
2019-10-24,np.float64(253465.80723858002),np.float64(1.0),5
2019-10-25,np.float64(254904.46579935023),np.float64(1.0),5
2019-10-28,np.float64(256147.5105609078),np.float64(1.0),5
2019-10-29,np.float64(254543.73123655457),np.float64(1.0),5
2019-10-30,np.float64(256495.96559659086),np.float64(1.0),5
2019-10-31,np.float64(256004.86758707915),np.float64(0.9995613485801808),5
2019-11-01,np.float64(255869.09348017364),np.float64(0.9995611158146522),5
2019-11-04,np.float64(255210.12112431097),np.float64(1.0),5
2019-11-05,np.float64(255019.8993366884),np.float64(1.0),5
2019-11-06,np.float64(257757.6000644758),np.float64(1.0),5
2019-11-07,np.float64(259256.9133979088),np.float64(1.0),5
2019-11-08,np.float64(258580.304313132),np.float64(1.0),5
2019-11-11,np.float64(257616.5308154354),np.float64(1.0),5
2019-11-12,np.float64(259548.83752371906),np.float64(1.0),5
2019-11-13,np.float64(259013.29797351893),np.float64(1.0),5
2019-11-14,np.float64(259833.73369260252),np.float64(1.0),5
2019-11-15,np.float64(261161.35729100322),np.float64(1.0),5
2019-11-18,np.float64(262205.4127331914),np.float64(1.0),5
2019-11-19,np.float64(260445.08012973706),np.float64(1.0),5
2019-11-20,np.float64(258253.27100839402),np.float64(1.0),5
2019-11-21,np.float64(258924.33336888367),np.float64(1.0),5
2019-11-22,np.float64(258692.07069046178),np.float64(1.0),5
2019-11-25,np.float64(261673.63332258444),np.float64(1.0),5
2019-11-26,np.float64(258891.76197511377),np.float64(1.0),5
2019-11-27,np.float64(261605.12394879205),np.float64(1.0),5
2019-11-29,np.float64(259232.21877452923),np.float64(1.0),5
2019-12-02,np.float64(258982.5935929727),np.float64(1.0),5
2019-12-03,np.float64(257063.79334697043),np.float64(1.0),5
2019-12-04,np.float64(258613.86471433353),np.float64(0.9985176415931535),5
2019-12-05,np.float64(257950.8653521534),np.float64(0.9976192737929405),5
2019-12-06,np.float64(261224.60908430626),np.float64(0.9976491097548954),5
2019-12-09,np.float64(261315.19612476844),np.float64(1.0),5
2019-12-10,np.float64(261482.85089652252),np.float64(1.0),5
2019-12-11,np.float64(262357.8260264376),np.float64(1.0),5
2019-12-12,np.float64(265597.75289914577),np.float64(1.0),5
2019-12-13,np.float64(263185.90587998),np.float64(1.0),5
2019-12-16,np.float64(264528.41817195737),np.float64(1.0),5
2019-12-17,np.float64(265889.6922385463),np.float64(1.0),5
2019-12-18,np.float64(267310.4454095208),np.float64(1.0),5
2019-12-19,np.float64(270858.4601014651),np.float64(1.0),5
2019-12-20,np.float64(272921.79809054424),np.float64(1.0),5
2019-12-23,np.float64(271776.8227285439),np.float64(1.0),5
2019-12-24,np.float64(271581.7782825776),np.float64(1.0),5
2019-12-26,np.float64(272642.35140681796),np.float64(1.0),5
2019-12-27,np.float64(272284.30374302354),np.float64(1.0),5
2019-12-30,np.float64(269808.19689855585),np.float64(1.0),5
2019-12-31,np.float64(269797.9674654293),np.float64(1.0),5
2020-01-02,np.float64(272693.56649221125),np.float64(1.0),5
2020-01-03,np.float64(269919.53370123386),np.float64(1.0),5
2020-01-06,np.float64(270844.2085491933),np.float64(1.0),5
2020-01-07,np.float64(268899.4555206647),np.float64(1.0),5
2020-01-08,np.float64(271010.8053534022),np.float64(1.0),5
2020-01-09,np.float64(272029.9095486554),np.float64(1.0),5
2020-01-10,np.float64(269857.6770326324),np.float64(1.0),5
2020-01-13,np.float64(271895.95378338604),np.float64(1.0),5
2020-01-14,np.float64(273591.04744651576),np.float64(1.0),5
2020-01-15,np.float64(272297.8018587006),np.float64(1.0),5
2020-01-16,np.float64(273454.3652734972),np.float64(1.0),5
2020-01-17,np.float64(274167.613397642),np.float64(1.0),5
2020-01-21,np.float64(273629.25323877326),np.float64(1.0),5
2020-01-22,np.float64(272868.30459218123),np.float64(1.0),5
2020-01-23,np.float64(272512.7508897731),np.float64(1.0),5
2020-01-24,np.float64(268544.20386822487),np.float64(1.0),5
2020-01-27,np.float64(265323.41231919883),np.float64(1.0),5
2020-01-28,np.float64(268056.0150871877),np.float64(1.0),5
2020-01-29,np.float64(268296.13142663945),np.float64(1.0),5
2020-01-30,np.float64(266558.0173359074),np.float64(1.0),5
2020-01-31,np.float64(259257.29604568513),np.float64(1.0),5
2020-02-03,np.float64(259741.62849057163),np.float64(1.0),5
2020-02-04,np.float64(264269.26572059473),np.float64(1.0),5
2020-02-05,np.float64(270353.5785764959),np.float64(1.0),5
2020-02-06,np.float64(272016.627344599),np.float64(0.999023635600529),5
2020-02-07,np.float64(268628.0745061622),np.float64(0.9990113194553784),5
2020-02-10,np.float64(266852.6026910289),np.float64(1.0),5
2020-02-11,np.float64(267481.3133922438),np.float64(1.0),5
2020-02-12,np.float64(267864.22638588643),np.float64(1.0),5
2020-02-13,np.float64(268268.1784429132),np.float64(1.0),5
2020-02-14,np.float64(268739.00415760843),np.float64(1.0),5
2020-02-18,np.float64(267065.94042399595),np.float64(1.0),5
2020-02-19,np.float64(266463.77694537974),np.float64(1.0),5
2020-02-20,np.float64(266771.59242396225),np.float64(1.0),5
2020-02-21,np.float64(266691.43854385347),np.float64(1.0),5
2020-02-24,np.float64(260483.7953231004),np.float64(1.0),5
2020-02-25,np.float64(251526.1386881169),np.float64(1.0),5
2020-02-26,np.float64(252565.1718223589),np.float64(1.0),5
2020-02-27,np.float64(238517.82008516122),np.float64(1.0),5
2020-02-28,np.float64(240421.27194923433),np.float64(1.0),5
2020-03-02,np.float64(254349.8499635296),np.float64(1.0),5
2020-03-03,np.float64(248176.7235180293),np.float64(1.0),5
2020-03-04,np.float64(256684.72030001963),np.float64(1.0),5
2020-03-05,np.float64(247976.81780620746),np.float64(1.0),5
2020-03-06,np.float64(242359.4737902306),np.float64(1.0),5
2020-03-09,np.float64(220969.7016711842),np.float64(1.0),5
2020-03-10,np.float64(233700.62591047038),np.float64(1.0),5
2020-03-11,np.float64(222148.63551209745),np.float64(1.0),5
2020-03-12,np.float64(202552.57375367533),np.float64(1.0),5
2020-03-13,np.float64(222897.68752243684),np.float64(1.0),5
2020-03-16,np.float64(190122.49347280015),np.float64(1.0),5
2020-03-17,np.float64(198614.9389332516),np.float64(1.0),5
2020-03-18,np.float64(177553.07926122422),np.float64(1.0),5
2020-03-19,np.float64(188618.42168906183),np.float64(1.0),5
2020-03-20,np.float64(183405.48780391566),np.float64(0.9966611496880892),5
2020-03-23,np.float64(183988.65496536857),np.float64(1.0),5
2020-03-24,np.float64(199541.25382106513),np.float64(1.0),5
2020-03-25,np.float64(200790.90716110507),np.float64(1.0),5
2020-03-26,np.float64(216743.8244255108),np.float64(1.0),5
2020-03-27,np.float64(206862.7595997312),np.float64(1.0),5
2020-03-30,np.float64(212380.30838795291),np.float64(1.0),5
2020-03-31,np.float64(210589.53048310897),np.float64(1.0),5
2020-04-01,np.float64(207167.09070037754),np.float64(1.0),5
2020-04-02,np.float64(211713.70171077162),np.float64(1.0),5
2020-04-03,np.float64(210785.85849242483),np.float64(1.0),5
2020-04-06,np.float64(224278.4982070469),np.float64(1.0),5
2020-04-07,np.float64(225635.2015710995),np.float64(1.0),5
2020-04-08,np.float64(235900.59732251643),np.float64(1.0),5
2020-04-09,np.float64(236712.24385389365),np.float64(1.0),5
2020-04-13,np.float64(241929.82331540543),np.float64(1.0),5
2020-04-14,np.float64(252127.4318905269),np.float64(1.0),5
2020-04-15,np.float64(251091.5089957965),np.float64(1.0),5
2020-04-16,np.float64(258305.35894656857),np.float64(1.0),5
2020-04-17,np.float64(256291.14223435993),np.float64(1.0),5
2020-04-20,np.float64(253778.87205092926),np.float64(1.0),5
2020-04-21,np.float64(246360.13246560347),np.float64(1.0),5
2020-04-22,np.float64(254502.2080586129),np.float64(1.0),5
2020-04-23,np.float64(256196.75134059554),np.float64(1.0),5
2020-04-24,np.float64(259540.06600863987),np.float64(1.0),5
2020-04-27,np.float64(265718.82078696723),np.float64(1.0),5
2020-04-28,np.float64(264855.1872063555),np.float64(1.0),5
2020-04-29,np.float64(274706.3885211525),np.float64(1.0),5
2020-04-30,np.float64(269460.87064532435),np.float64(1.0),5
2020-05-01,np.float64(261357.59246789847),np.float64(1.0),5
2020-05-04,np.float64(263840.85028564587),np.float64(1.0),5
2020-05-05,np.float64(265767.61557412555),np.float64(1.0),5
2020-05-06,np.float64(267246.098795593),np.float64(1.0),5
2020-05-07,np.float64(267702.4781664609),np.float64(0.9991571646940113),5
2020-05-08,np.float64(272935.53363459976),np.float64(0.999173324568279),5
2020-05-11,np.float64(273156.905114376),np.float64(1.0),5
2020-05-12,np.float64(268884.6641514639),np.float64(1.0),5
2020-05-13,np.float64(265523.7477310742),np.float64(1.0),5
2020-05-14,np.float64(266956.1901834902),np.float64(1.0),5
2020-05-15,np.float64(267514.3566770334),np.float64(1.0),5
2020-05-18,np.float64(277209.53948399116),np.float64(1.0),5
2020-05-19,np.float64(271612.71693573694),np.float64(1.0),5
2020-05-20,np.float64(280252.44820371125),np.float64(1.0),5
2020-05-21,np.float64(274144.97491347836),np.float64(1.0),5
2020-05-22,np.float64(273729.01577123173),np.float64(1.0),5
2020-05-26,np.float64(277420.72188476665),np.float64(1.0),5
2020-05-27,np.float64(278491.1244004866),np.float64(1.0),5
2020-05-28,np.float64(280065.2532815201),np.float64(1.0),5
2020-05-29,np.float64(281589.5613248285),np.float64(1.0),5
2020-06-01,np.float64(283750.93224623194),np.float64(1.0),5
2020-06-02,np.float64(284066.3909464606),np.float64(1.0),5
2020-06-03,np.float64(281787.9756568365),np.float64(1.0),5
2020-06-04,np.float64(278673.23112642457),np.float64(1.0),5
2020-06-05,np.float64(281249.8619296694),np.float64(1.0),5
2020-06-08,np.float64(280536.9976637935),np.float64(1.0),5
2020-06-09,np.float64(285534.05144986673),np.float64(1.0),5
2020-06-10,np.float64(287633.48408756795),np.float64(1.0),5
2020-06-11,np.float64(277224.18304696115),np.float64(1.0),5
2020-06-12,np.float64(275971.43848588096),np.float64(1.0),5
2020-06-15,np.float64(284589.7632002616),np.float64(1.0),5
2020-06-16,np.float64(289256.5606874041),np.float64(1.0),5
2020-06-17,np.float64(285664.73182872206),np.float64(1.0),5
2020-06-18,np.float64(285277.35029361426),np.float64(1.0),5
2020-06-19,np.float64(282279.6698912312),np.float64(1.0),5
2020-06-22,np.float64(282668.0606067544),np.float64(1.0),5
2020-06-23,np.float64(284035.3388979971),np.float64(1.0),5
2020-06-24,np.float64(276714.28974600555),np.float64(1.0),5
2020-06-25,np.float64(280455.77348614414),np.float64(1.0),5
2020-06-26,np.float64(275313.39989445556),np.float64(1.0),5
2020-06-29,np.float64(281418.9458474738),np.float64(1.0),5
2020-06-30,np.float64(287564.4151203295),np.float64(1.0),5
2020-07-01,np.float64(291341.48815247964),np.float64(1.0),5
2020-07-02,np.float64(291434.0876419628),np.float64(1.0),5
2020-07-06,np.float64(295236.4441543023),np.float64(1.0),5
2020-07-07,np.float64(295970.0417118911),np.float64(1.0),5
2020-07-08,np.float64(297278.2481038),np.float64(1.0),5
2020-07-09,np.float64(295752.9447790419),np.float64(1.0),5
2020-07-10,np.float64(302277.17456493346),np.float64(1.0),5
2020-07-13,np.float64(303379.4306044811),np.float64(1.0),5
2020-07-14,np.float64(308053.06902413943),np.float64(1.0),5
2020-07-15,np.float64(308939.58868426987),np.float64(1.0),5
2020-07-16,np.float64(308724.4139551208),np.float64(1.0),5
2020-07-17,np.float64(309811.5615475177),np.float64(1.0),5
2020-07-20,np.float64(322534.67853704374),np.float64(1.0),5
2020-07-21,np.float64(315929.5940222299),np.float64(1.0),5
2020-07-22,np.float64(316285.87943576346),np.float64(1.0),5
2020-07-23,np.float64(306809.07446808583),np.float64(1.0),5
2020-07-24,np.float64(307038.71800242376),np.float64(1.0),5
2020-07-27,np.float64(314908.00243306765),np.float64(1.0),5
2020-07-28,np.float64(309001.53784950735),np.float64(1.0),5
2020-07-29,np.float64(311669.17720523925),np.float64(1.0),5
2020-07-30,np.float64(321876.1569653751),np.float64(1.0),5
2020-07-31,np.float64(329794.4474050365),np.float64(1.0),5
2020-08-03,np.float64(332964.44546545827),np.float64(1.0),5
2020-08-04,np.float64(337946.4340135394),np.float64(1.0),5
2020-08-05,np.float64(338040.6329630125),np.float64(1.0),5
2020-08-06,np.float64(338441.24365086964),np.float64(0.9986524162551782),5
2020-08-07,np.float64(338451.88938515115),np.float64(0.9986524586423503),5
2020-08-10,np.float64(341363.9336893803),np.float64(1.0),5
2020-08-11,np.float64(336480.09976597416),np.float64(1.0),5
2020-08-12,np.float64(341742.28477079317),np.float64(1.0),5
2020-08-13,np.float64(337198.04388302966),np.float64(0.9991656788601738),5
2020-08-14,np.float64(339507.3294619325),np.float64(0.9991713538062181),5
2020-08-17,np.float64(340048.110034912),np.float64(1.0),5
2020-08-18,np.float64(342848.6918142153),np.float64(1.0),5
2020-08-19,np.float64(343850.84546863043),np.float64(1.0),5
2020-08-20,np.float64(343318.4078126836),np.float64(1.0),5
2020-08-21,np.float64(342714.90077014937),np.float64(1.0),5
2020-08-24,np.float64(348059.2391460292),np.float64(1.0),5
2020-08-25,np.float64(350585.3266963226),np.float64(1.0),5
2020-08-26,np.float64(350013.9231729054),np.float64(1.0),5
2020-08-27,np.float64(349936.8224975315),np.float64(1.0),5
2020-08-28,np.float64(356166.7988849224),np.float64(1.0),5
2020-08-31,np.float64(353559.29363328224),np.float64(1.0),5
2020-09-01,np.float64(351794.5973935112),np.float64(1.0),5
2020-09-02,np.float64(356710.62499313283),np.float64(1.0),5
2020-09-03,np.float64(348494.3581205936),np.float64(0.9985084352080331),5
2020-09-04,np.float64(347116.68108948076),np.float64(0.9985025153123143),5
2020-09-08,np.float64(340175.09935817815),np.float64(1.0),5
2020-09-09,np.float64(351341.703310224),np.float64(1.0),5
2020-09-10,np.float64(347343.9477933621),np.float64(1.0),5
2020-09-11,np.float64(344825.9434768417),np.float64(1.0),5
2020-09-14,np.float64(348200.36242571846),np.float64(1.0),5
2020-09-15,np.float64(356042.8287357776),np.float64(1.0),5
2020-09-16,np.float64(348240.8484314096),np.float64(1.0),5
2020-09-17,np.float64(341118.0008219496),np.float64(1.0),5
2020-09-18,np.float64(337399.16788700526),np.float64(1.0),5
2020-09-21,np.float64(337777.08542029164),np.float64(1.0),5
2020-09-22,np.float64(346350.47857136844),np.float64(1.0),5
2020-09-23,np.float64(335926.0478451292),np.float64(1.0),5
2020-09-24,np.float64(338158.2210418151),np.float64(1.0),5
2020-09-25,np.float64(345648.4753726),np.float64(1.0),5
2020-09-28,np.float64(353458.98825010523),np.float64(1.0),5
2020-09-29,np.float64(350129.28718733985),np.float64(1.0),5
2020-09-30,np.float64(353021.5267234165),np.float64(1.0),5
2020-10-01,np.float64(349700.42267587554),np.float64(0.9981495548521223),5
2020-10-02,np.float64(348867.52409945364),np.float64(0.9981451370344037),5
2020-10-05,np.float64(354761.3193725185),np.float64(1.0),5
2020-10-06,np.float64(351089.5700522686),np.float64(1.0),5
2020-10-07,np.float64(356611.69422420586),np.float64(0.9992051088586359),5
2020-10-08,np.float64(363640.9536894631),np.float64(0.9992204742789017),5
2020-10-09,np.float64(365602.70146063005),np.float64(0.9992246570511838),5
2020-10-12,np.float64(370477.75762025226),np.float64(1.0),5
2020-10-13,np.float64(369389.8410767466),np.float64(1.0),5
2020-10-14,np.float64(366237.8931301637),np.float64(1.0),5
2020-10-15,np.float64(363957.9968574944),np.float64(1.0),5
2020-10-16,np.float64(364490.9664027506),np.float64(1.0),5
2020-10-19,np.float64(357990.1006914444),np.float64(1.0),5
2020-10-20,np.float64(360045.37916929775),np.float64(1.0),5
2020-10-21,np.float64(357624.06438029115),np.float64(1.0),5
2020-10-22,np.float64(361571.19178680424),np.float64(1.0),5
2020-10-23,np.float64(360412.8748599164),np.float64(1.0),5
2020-10-26,np.float64(351522.06479509873),np.float64(1.0),5
2020-10-27,np.float64(348708.4874752023),np.float64(1.0),5
2020-10-28,np.float64(338977.8405620344),np.float64(1.0),5
2020-10-29,np.float64(346477.65113073104),np.float64(1.0),5
2020-10-30,np.float64(338633.9191763734),np.float64(1.0),5
2020-11-02,np.float64(337332.4889729437),np.float64(1.0),5
2020-11-03,np.float64(343480.29569600796),np.float64(1.0),5
2020-11-04,np.float64(359579.28600955737),np.float64(1.0),5
2020-11-05,np.float64(366062.9744181845),np.float64(0.9986300190197751),5
2020-11-06,np.float64(368174.3153746071),np.float64(0.9986378753444352),5
2020-11-09,np.float64(368230.67042001523),np.float64(1.0),5
2020-11-10,np.float64(374459.4496161528),np.float64(0.9952558849895192),5
2020-11-11,np.float64(374695.3362919615),np.float64(0.9952588716120125),5
2020-11-12,np.float64(370595.95134388155),np.float64(0.9952064271363507),5
2020-11-13,np.float64(374800.1546336481),np.float64(0.9952601975378671),5
2020-11-16,np.float64(383724.8680650604),np.float64(1.0),5
2020-11-17,np.float64(383604.8729776757),np.float64(1.0),5
2020-11-18,np.float64(380848.5466754827),np.float64(1.0),5
2020-11-19,np.float64(383067.29378379637),np.float64(1.0),5
2020-11-20,np.float64(379696.3267987143),np.float64(1.0),5
2020-11-23,np.float64(379533.17957754293),np.float64(1.0),5
2020-11-24,np.float64(384237.07807018014),np.float64(1.0),5
2020-11-25,np.float64(383574.70116257),np.float64(1.0),5
2020-11-27,np.float64(384613.95812229405),np.float64(1.0),5
2020-11-30,np.float64(385091.59561654617),np.float64(1.0),5
2020-12-01,np.float64(387916.4122184236),np.float64(1.0),5
2020-12-02,np.float64(380555.506009536),np.float64(0.9990944911440244),5
2020-12-03,np.float64(381405.52304380113),np.float64(0.9990965092006747),5
2020-12-04,np.float64(389075.4589549879),np.float64(0.9991143199270202),5
2020-12-07,np.float64(388668.1479420137),np.float64(1.0),5
2020-12-08,np.float64(391413.1914066571),np.float64(1.0),5
2020-12-09,np.float64(384287.5317757134),np.float64(1.0),5
2020-12-10,np.float64(383884.6446364014),np.float64(0.9992620653345725),5
2020-12-11,np.float64(385535.6975732292),np.float64(0.9992652255327181),5
2020-12-14,np.float64(389046.7980001456),np.float64(1.0),5
2020-12-15,np.float64(392888.8094868869),np.float64(1.0),5
2020-12-16,np.float64(393291.15030267846),np.float64(1.0),5
2020-12-17,np.float64(391513.9668708416),np.float64(1.0),5
2020-12-18,np.float64(383536.84354219656),np.float64(1.0),5
2020-12-21,np.float64(379968.17707084364),np.float64(1.0),5
2020-12-22,np.float64(376816.1910402361),np.float64(1.0),5
2020-12-23,np.float64(375847.3252705601),np.float64(1.0),5
2020-12-24,np.float64(378783.05332381406),np.float64(1.0),5
2020-12-28,np.float64(380336.510611598),np.float64(1.0),5
2020-12-29,np.float64(383666.9676522722),np.float64(1.0),5
2020-12-30,np.float64(383614.0535820289),np.float64(1.0),5
2020-12-31,np.float64(386535.91992098314),np.float64(1.0),5
2021-01-04,np.float64(384656.23800711083),np.float64(1.0),5
2021-01-05,np.float64(387523.73652868),np.float64(1.0),5
2021-01-06,np.float64(386075.5650106671),np.float64(0.9992564270771304),5
2021-01-07,np.float64(390058.55643979844),np.float64(0.9992640198975667),5
2021-01-08,np.float64(393226.47366812086),np.float64(0.9992699491119059),5
2021-01-11,np.float64(386129.4906189471),np.float64(1.0),5
2021-01-12,np.float64(384172.2973571477),np.float64(1.0),5
2021-01-13,np.float64(387092.35565242154),np.float64(1.0),5
2021-01-14,np.float64(382601.8915579641),np.float64(1.0),5
2021-01-15,np.float64(381325.66474166967),np.float64(1.0),5
2021-01-19,np.float64(384355.53535550396),np.float64(1.0),5
2021-01-20,np.float64(392313.78651374334),np.float64(1.0),5
2021-01-21,np.float64(397275.79394785326),np.float64(1.0),5
2021-01-22,np.float64(398553.3199741262),np.float64(1.0),5
2021-01-25,np.float64(402659.6108209145),np.float64(1.0),5
2021-01-26,np.float64(404867.7740129928),np.float64(1.0),5
2021-01-27,np.float64(397079.96152506996),np.float64(1.0),5
2021-01-28,np.float64(400822.6690899933),np.float64(1.0),5
2021-01-29,np.float64(394779.05967319297),np.float64(1.0),5
2021-02-01,np.float64(402418.7263982634),np.float64(1.0),5
2021-02-02,np.float64(410707.83836753696),np.float64(1.0),5
2021-02-03,np.float64(404330.7916198146),np.float64(1.0),5
2021-02-04,np.float64(408518.1677994671),np.float64(1.0),5
2021-02-05,np.float64(407009.03583223745),np.float64(0.9997012706316329),5
2021-02-08,np.float64(409363.5564964096),np.float64(1.0),5
2021-02-09,np.float64(409249.625576261),np.float64(1.0),5
2021-02-10,np.float64(406324.7514842464),np.float64(1.0),5
2021-02-11,np.float64(403444.0577308895),np.float64(1.0),5
2021-02-12,np.float64(404790.86532278196),np.float64(1.0),5
2021-02-16,np.float64(404354.57740497275),np.float64(1.0),5
2021-02-17,np.float64(405813.2147946932),np.float64(1.0),5
2021-02-18,np.float64(406723.36647265276),np.float64(1.0),5
2021-02-19,np.float64(400198.7211458474),np.float64(1.0),5
2021-02-22,np.float64(400175.44780498807),np.float64(1.0),5
2021-02-23,np.float64(399085.41348709806),np.float64(1.0),5
2021-02-24,np.float64(399614.9978258717),np.float64(1.0),5
2021-02-25,np.float64(393581.8489440419),np.float64(1.0),5
2021-02-26,np.float64(390498.9085838259),np.float64(1.0),5
2021-03-01,np.float64(396163.02986200247),np.float64(1.0),5
2021-03-02,np.float64(387026.0926512652),np.float64(1.0),5
2021-03-03,np.float64(374533.87219604437),np.float64(1.0),5
2021-03-04,np.float64(367000.8521035685),np.float64(1.0),5
2021-03-05,np.float64(367332.1869886591),np.float64(1.0),5
2021-03-08,np.float64(350548.85446403734),np.float64(1.0),5
2021-03-09,np.float64(378697.7960961632),np.float64(0.9999373753982381),5
2021-03-10,np.float64(377561.534038512),np.float64(0.9999371869310548),5
2021-03-11,np.float64(391530.3013531119),np.float64(0.9999394279354965),5
2021-03-12,np.float64(389266.2366470543),np.float64(0.9999390756340111),5
2021-03-15,np.float64(393114.4671610949),np.float64(1.0),5
2021-03-16,np.float64(396374.2341400231),np.float64(1.0),5
2021-03-17,np.float64(398340.8899957263),np.float64(1.0),5
2021-03-18,np.float64(390555.640492878),np.float64(1.0),5
2021-03-19,np.float64(392346.87010855315),np.float64(1.0),5
2021-03-22,np.float64(393581.30135705566),np.float64(1.0),5
2021-03-23,np.float64(391319.3746860117),np.float64(1.0),5
2021-03-24,np.float64(386127.4725107751),np.float64(1.0),5
2021-03-25,np.float64(386286.3399030285),np.float64(1.0),5
2021-03-26,np.float64(389180.09746837406),np.float64(1.0),5
2021-03-29,np.float64(389759.9572410543),np.float64(1.0),5
2021-03-30,np.float64(390108.70463958685),np.float64(1.0),5
2021-03-31,np.float64(400146.02776729566),np.float64(1.0),5
2021-04-01,np.float64(407333.33732495713),np.float64(1.0),5
2021-04-05,np.float64(417216.1998488431),np.float64(1.0),5
2021-04-06,np.float64(417922.3069836319),np.float64(1.0),5
2021-04-07,np.float64(419125.9588887345),np.float64(1.0),5
2021-04-08,np.float64(418087.1014536808),np.float64(1.0),5
2021-04-09,np.float64(417993.54152983805),np.float64(1.0),5
2021-04-12,np.float64(415715.67733823566),np.float64(1.0),5
2021-04-13,np.float64(414658.84862327384),np.float64(1.0),5
2021-04-14,np.float64(416221.90591419925),np.float64(1.0),5
2021-04-15,np.float64(416907.59769892594),np.float64(1.0),5
2021-04-16,np.float64(420891.0640137788),np.float64(1.0),5
2021-04-19,np.float64(414810.0627736327),np.float64(1.0),5
2021-04-20,np.float64(409541.6576950847),np.float64(1.0),5
2021-04-21,np.float64(417159.77442480397),np.float64(1.0),5
2021-04-22,np.float64(406059.08527752286),np.float64(1.0),5
2021-04-23,np.float64(407734.960479134),np.float64(1.0),5
2021-04-26,np.float64(411084.6613480456),np.float64(1.0),5
2021-04-27,np.float64(411024.6632722808),np.float64(1.0),5
2021-04-28,np.float64(406397.81577332277),np.float64(1.0),5
2021-04-29,np.float64(411087.4190652028),np.float64(1.0),5
2021-04-30,np.float64(407105.2194278887),np.float64(1.0),5
2021-05-03,np.float64(408811.56009966135),np.float64(1.0),5
2021-05-04,np.float64(404627.7494254806),np.float64(1.0),5
2021-05-05,np.float64(404606.638263607),np.float64(1.0),5
2021-05-06,np.float64(410075.7734590544),np.float64(0.9988006421060038),5
2021-05-07,np.float64(414025.3946043665),np.float64(0.9984828798117272),5
2021-05-10,np.float64(402314.5033592055),np.float64(1.0),5
2021-05-11,np.float64(404198.29728535697),np.float64(1.0),5
2021-05-12,np.float64(392525.6599542836),np.float64(1.0),5
2021-05-13,np.float64(389721.07472763635),np.float64(1.0),5
2021-05-14,np.float64(399427.6423503996),np.float64(1.0),5
2021-05-17,np.float64(400546.98393002426),np.float64(1.0),5
2021-05-18,np.float64(397256.8721002137),np.float64(1.0),5
2021-05-19,np.float64(401260.02338981215),np.float64(1.0),5
2021-05-20,np.float64(412449.75765875116),np.float64(1.0),5
2021-05-21,np.float64(408470.68448954076),np.float64(1.0),5
2021-05-24,np.float64(413075.1571289743),np.float64(1.0),5
2021-05-25,np.float64(411669.70750732813),np.float64(1.0),5
2021-05-26,np.float64(411936.83588124125),np.float64(1.0),5
2021-05-27,np.float64(410082.1776573556),np.float64(1.0),5
2021-05-28,np.float64(407503.67385477136),np.float64(1.0),5
2021-06-01,np.float64(407873.1186184648),np.float64(1.0),5
2021-06-02,np.float64(409514.47050701786),np.float64(1.0),5
2021-06-03,np.float64(410910.3813430575),np.float64(0.9985586126198667),5
2021-06-04,np.float64(412275.37586671684),np.float64(0.9985633848813101),5
2021-06-07,np.float64(412418.5779858921),np.float64(1.0),5
2021-06-08,np.float64(412185.9928602383),np.float64(1.0),5
2021-06-09,np.float64(411513.7439248876),np.float64(1.0),5
2021-06-10,np.float64(416298.538712598),np.float64(1.0),5
2021-06-11,np.float64(415897.8676189857),np.float64(1.0),5
2021-06-14,np.float64(416564.71874241857),np.float64(1.0),5
2021-06-15,np.float64(416348.14940024796),np.float64(1.0),5
2021-06-16,np.float64(412449.5229222771),np.float64(1.0),5
2021-06-17,np.float64(412167.1581873272),np.float64(1.0),5
2021-06-18,np.float64(402321.6004052684),np.float64(1.0),5
2021-06-21,np.float64(407650.9155932044),np.float64(1.0),5
2021-06-22,np.float64(409054.3194793101),np.float64(1.0),5
2021-06-23,np.float64(406874.3634383123),np.float64(1.0),5
2021-06-24,np.float64(408246.3468842574),np.float64(1.0),5
2021-06-25,np.float64(411130.50183410884),np.float64(1.0),5
2021-06-28,np.float64(411153.9585294753),np.float64(1.0),5
2021-06-29,np.float64(411016.144205967),np.float64(1.0),5
2021-06-30,np.float64(411727.59234363626),np.float64(1.0),5
2021-07-01,np.float64(412191.94120470446),np.float64(1.0),5
2021-07-02,np.float64(417385.3228824402),np.float64(1.0),5
2021-07-06,np.float64(415160.78742833325),np.float64(1.0),5
2021-07-07,np.float64(412689.8741047744),np.float64(1.0),5
2021-07-08,np.float64(411335.1556480946),np.float64(1.0),5
2021-07-09,np.float64(416488.4003503175),np.float64(1.0),5
2021-07-12,np.float64(420011.87897206616),np.float64(1.0),5
2021-07-13,np.float64(416394.4816874976),np.float64(1.0),5
2021-07-14,np.float64(410086.82189203193),np.float64(1.0),5
2021-07-15,np.float64(404762.6710259792),np.float64(1.0),5
2021-07-16,np.float64(396924.6414949511),np.float64(1.0),5
2021-07-19,np.float64(396472.94217008085),np.float64(1.0),5
2021-07-20,np.float64(399686.99343537446),np.float64(1.0),5
2021-07-21,np.float64(411792.7251496447),np.float64(1.0),5
2021-07-22,np.float64(413984.3835300748),np.float64(1.0),5
2021-07-23,np.float64(415778.52513513336),np.float64(1.0),5
2021-07-26,np.float64(418377.0800271961),np.float64(1.0),5
2021-07-27,np.float64(417348.5015758488),np.float64(1.0),5
2021-07-28,np.float64(416272.07714132674),np.float64(1.0),5
2021-07-29,np.float64(417438.92442584445),np.float64(1.0),5
2021-07-30,np.float64(417586.5560141369),np.float64(1.0),5
2021-08-02,np.float64(414744.4900771204),np.float64(1.0),5
2021-08-03,np.float64(417261.89649543364),np.float64(1.0),5
2021-08-04,np.float64(419404.94204108184),np.float64(1.0),5
2021-08-05,np.float64(424028.60112978244),np.float64(1.0),5
2021-08-06,np.float64(422973.1420933651),np.float64(0.9997027993596368),5
2021-08-09,np.float64(422146.1984001664),np.float64(1.0),5
2021-08-10,np.float64(422049.6552513025),np.float64(1.0),5
2021-08-11,np.float64(423139.39043637505),np.float64(1.0),5
2021-08-12,np.float64(425075.4931856403),np.float64(1.0),5
2021-08-13,np.float64(427940.88295948284),np.float64(1.0),5
2021-08-16,np.float64(431074.5340266431),np.float64(1.0),5
2021-08-17,np.float64(426409.45993917645),np.float64(1.0),5
2021-08-18,np.float64(423897.31282290124),np.float64(1.0),5
2021-08-19,np.float64(428366.46987301775),np.float64(1.0),5
2021-08-20,np.float64(427137.59003321105),np.float64(1.0),5
2021-08-23,np.float64(437903.7289980057),np.float64(1.0),5
2021-08-24,np.float64(438709.67817324563),np.float64(1.0),5
2021-08-25,np.float64(441179.53684702516),np.float64(1.0),5
2021-08-26,np.float64(437450.5936289057),np.float64(1.0),5
2021-08-27,np.float64(446057.85926163034),np.float64(1.0),5
2021-08-30,np.float64(451697.28422585863),np.float64(1.0),5
2021-08-31,np.float64(452014.3245988781),np.float64(1.0),5
2021-09-01,np.float64(453829.37656488194),np.float64(1.0),5
2021-09-02,np.float64(456003.98090791923),np.float64(0.9986381385333785),5
2021-09-03,np.float64(456814.01951459574),np.float64(0.9986405534337927),5
2021-09-07,np.float64(454365.78240936913),np.float64(1.0),5
2021-09-08,np.float64(450152.15337212593),np.float64(1.0),5
2021-09-09,np.float64(450210.9960368669),np.float64(1.0),5
2021-09-10,np.float64(447260.4815975745),np.float64(1.0),5
2021-09-13,np.float64(448272.4286266895),np.float64(1.0),5
2021-09-14,np.float64(446679.5444826336),np.float64(0.9984796774901257),5
2021-09-15,np.float64(448011.34053408355),np.float64(0.9984841969282122),5
2021-09-16,np.float64(448019.9043849561),np.float64(0.9984842259026201),5
2021-09-17,np.float64(443978.63823479094),np.float64(0.9984704287375686),5
2021-09-20,np.float64(438905.3101147305),np.float64(1.0),5
2021-09-21,np.float64(438757.6503200833),np.float64(1.0),5
2021-09-22,np.float64(439565.6322670941),np.float64(1.0),5
2021-09-23,np.float64(444271.9194080451),np.float64(1.0),5
2021-09-24,np.float64(446615.99769295135),np.float64(1.0),5
2021-09-27,np.float64(441028.96935516316),np.float64(1.0),5
2021-09-28,np.float64(431296.3072130243),np.float64(1.0),5
2021-09-29,np.float64(432021.612707655),np.float64(1.0),5
2021-09-30,np.float64(428856.25852793345),np.float64(1.0),5
2021-10-01,np.float64(428929.34442238393),np.float64(1.0),5
2021-10-04,np.float64(416547.2615426249),np.float64(1.0),5
2021-10-05,np.float64(424382.22636464116),np.float64(1.0),5
2021-10-06,np.float64(426129.5483888653),np.float64(1.0),5
2021-10-07,np.float64(431558.2468602908),np.float64(1.0),5
2021-10-08,np.float64(429192.10569088144),np.float64(1.0),5
2021-10-11,np.float64(426347.23721606354),np.float64(1.0),5
2021-10-12,np.float64(422656.89593194705),np.float64(1.0),5
2021-10-13,np.float64(426540.31183919427),np.float64(1.0),5
2021-10-14,np.float64(436145.9547544117),np.float64(1.0),5
2021-10-15,np.float64(436248.76025248365),np.float64(1.0),5
2021-10-18,np.float64(437333.9098069495),np.float64(1.0),5
2021-10-19,np.float64(442194.13244108506),np.float64(1.0),5
2021-10-20,np.float64(442542.22007854923),np.float64(1.0),5
2021-10-21,np.float64(446258.96219241037),np.float64(1.0),5
2021-10-22,np.float64(443187.39533383236),np.float64(1.0),5
2021-10-25,np.float64(443289.15874619037),np.float64(1.0),5
2021-10-26,np.float64(445434.8835158743),np.float64(1.0),5
2021-10-27,np.float64(451958.1749829806),np.float64(1.0),5
2021-10-28,np.float64(454448.5171851269),np.float64(1.0),5
2021-10-29,np.float64(455638.06625519175),np.float64(1.0),5
2021-11-01,np.float64(452599.7322122699),np.float64(1.0),5
2021-11-02,np.float64(456597.14889069076),np.float64(1.0),5
2021-11-03,np.float64(457759.6841163108),np.float64(1.0),5
2021-11-04,np.float64(456497.0980561556),np.float64(1.0),5
2021-11-05,np.float64(455388.7905204612),np.float64(1.0),5
2021-11-08,np.float64(454399.8604261945),np.float64(1.0),5
2021-11-09,np.float64(454881.5507827011),np.float64(1.0),5
2021-11-10,np.float64(453411.280325053),np.float64(1.0),5
2021-11-11,np.float64(454502.15876343835),np.float64(1.0),5
2021-11-12,np.float64(457960.5283769105),np.float64(1.0),5
2021-11-15,np.float64(457409.1053214709),np.float64(1.0),5
2021-11-16,np.float64(460700.13811837864),np.float64(1.0),5
2021-11-17,np.float64(464299.0255120207),np.float64(1.0),5
2021-11-18,np.float64(467756.60237904644),np.float64(1.0),5
2021-11-19,np.float64(472116.79347987927),np.float64(1.0),5
2021-11-22,np.float64(480530.59207398904),np.float64(1.0),5
2021-11-23,np.float64(487983.5082677732),np.float64(1.0),5
2021-11-24,np.float64(487909.05028203805),np.float64(1.0),5
2021-11-26,np.float64(475933.11267147784),np.float64(1.0),5
2021-11-29,np.float64(487872.90517958667),np.float64(1.0),5
2021-11-30,np.float64(475600.08232027537),np.float64(1.0),5
2021-12-01,np.float64(465348.6627910316),np.float64(1.0),5
2021-12-02,np.float64(465882.13166000805),np.float64(1.0),5
2021-12-03,np.float64(463544.98310199793),np.float64(1.0),5
2021-12-06,np.float64(470881.97517710074),np.float64(1.0),5
2021-12-07,np.float64(481229.61231148033),np.float64(1.0),5
2021-12-08,np.float64(483228.2872690562),np.float64(1.0),5
2021-12-09,np.float64(477861.93630051153),np.float64(0.9992231800997662),5
2021-12-10,np.float64(483559.936448005),np.float64(0.9992323337114954),5
2021-12-13,np.float64(471033.5039803494),np.float64(1.0),5
2021-12-14,np.float64(473077.000723092),np.float64(1.0),5
2021-12-15,np.float64(490354.17351642414),np.float64(1.0),5
2021-12-16,np.float64(477398.38112752617),np.float64(1.0),5
2021-12-17,np.float64(471330.3304794353),np.float64(1.0),5
2021-12-20,np.float64(460712.28425498353),np.float64(1.0),5
2021-12-21,np.float64(472596.7494902856),np.float64(1.0),5
2021-12-22,np.float64(482099.3864394166),np.float64(1.0),5
2021-12-23,np.float64(490100.1072378511),np.float64(1.0),5
2021-12-27,np.float64(493726.6197827561),np.float64(1.0),5
2021-12-28,np.float64(495382.0343695639),np.float64(1.0),5
2021-12-29,np.float64(495850.3853415045),np.float64(1.0),5
2021-12-30,np.float64(496173.2266934513),np.float64(1.0),5
2021-12-31,np.float64(496165.74731138296),np.float64(1.0),5
2022-01-03,np.float64(497868.4603909773),np.float64(1.0),5
2022-01-04,np.float64(496433.4377856712),np.float64(1.0),5
2022-01-05,np.float64(481436.85577082774),np.float64(1.0),5
2022-01-06,np.float64(479985.2625825934),np.float64(0.9992436671721016),5
2022-01-07,np.float64(477137.01526837423),np.float64(0.9992391522783147),5
2022-01-10,np.float64(483739.168738171),np.float64(1.0),5
2022-01-11,np.float64(487225.3854742779),np.float64(1.0),5
2022-01-12,np.float64(489312.09323894314),np.float64(1.0),5
2022-01-13,np.float64(471369.3417604937),np.float64(1.0),5
2022-01-14,np.float64(475828.3809582109),np.float64(1.0),5
2022-01-18,np.float64(461057.17468613153),np.float64(1.0),5
2022-01-19,np.float64(458465.42679417453),np.float64(1.0),5
2022-01-20,np.float64(451607.0176145797),np.float64(1.0),5
2022-01-21,np.float64(427348.4459185079),np.float64(1.0),5
2022-01-24,np.float64(434378.2309916918),np.float64(1.0),5
2022-01-25,np.float64(421636.5041193885),np.float64(1.0),5
2022-01-26,np.float64(423278.98562188307),np.float64(1.0),5
2022-01-27,np.float64(421238.1561963216),np.float64(1.0),5
2022-01-28,np.float64(426170.9309501431),np.float64(1.0),5
2022-01-31,np.float64(448248.161808742),np.float64(1.0),5
2022-02-01,np.float64(449753.785687636),np.float64(1.0),5
2022-02-02,np.float64(456297.4388053614),np.float64(1.0),5
2022-02-03,np.float64(447841.64822279),np.float64(1.0),5
2022-02-04,np.float64(452070.2039389492),np.float64(0.9985454884392431),5
2022-02-07,np.float64(447033.5981553653),np.float64(1.0),5
2022-02-08,np.float64(446448.15598486835),np.float64(1.0),5
2022-02-09,np.float64(451034.4785326672),np.float64(1.0),5
2022-02-10,np.float64(444753.4592249651),np.float64(1.0),5
2022-02-11,np.float64(437522.91447994264),np.float64(1.0),5
2022-02-14,np.float64(436464.0836579302),np.float64(1.0),5
2022-02-15,np.float64(449095.9557826191),np.float64(1.0),5
2022-02-16,np.float64(444659.35426194017),np.float64(1.0),5
2022-02-17,np.float64(426966.6208487571),np.float64(1.0),5
2022-02-18,np.float64(423702.06051029265),np.float64(1.0),5
2022-02-22,np.float64(416634.6240291166),np.float64(1.0),5
2022-02-23,np.float64(411372.69963828527),np.float64(1.0),5
2022-02-24,np.float64(429294.5484934977),np.float64(1.0),5
2022-02-25,np.float64(437059.5825508054),np.float64(1.0),5
2022-02-28,np.float64(438693.32738350984),np.float64(1.0),5
2022-03-01,np.float64(431800.601646564),np.float64(1.0),5
2022-03-02,np.float64(443922.85607980116),np.float64(1.0),5
2022-03-03,np.float64(436822.2972020247),np.float64(1.0),5
2022-03-04,np.float64(427905.6434845892),np.float64(1.0),5
2022-03-07,np.float64(406555.2342231255),np.float64(1.0),5
2022-03-08,np.float64(410810.02533202595),np.float64(1.0),5
2022-03-09,np.float64(427890.54877523484),np.float64(1.0),5
2022-03-10,np.float64(416444.68509183254),np.float64(1.0),5
2022-03-11,np.float64(404995.4005236136),np.float64(1.0),5
2022-03-14,np.float64(395679.8468890966),np.float64(1.0),5
2022-03-15,np.float64(406497.1027222676),np.float64(1.0),5
2022-03-16,np.float64(421367.51093590085),np.float64(1.0),5
2022-03-17,np.float64(425500.34191131423),np.float64(1.0),5
2022-03-18,np.float64(427593.7165272719),np.float64(1.0),5
2022-03-21,np.float64(428797.0734221611),np.float64(1.0),5
2022-03-22,np.float64(428325.2703139181),np.float64(1.0),5
2022-03-23,np.float64(425154.44260082865),np.float64(1.0),5
2022-03-24,np.float64(427225.8150475145),np.float64(1.0),5
2022-03-25,np.float64(431840.15054333024),np.float64(1.0),5
2022-03-28,np.float64(437671.20444078033),np.float64(1.0),5
2022-03-29,np.float64(445652.83491994906),np.float64(1.0),5
2022-03-30,np.float64(444997.7918440748),np.float64(1.0),5
2022-03-31,np.float64(441932.5020629426),np.float64(1.0),5
2022-04-01,np.float64(443463.3017590534),np.float64(1.0),5
2022-04-04,np.float64(452697.4774375926),np.float64(1.0),5
2022-04-05,np.float64(436275.789520211),np.float64(0.9984826383463543),5
2022-04-06,np.float64(426044.8690418802),np.float64(0.9984462008545704),5
2022-04-07,np.float64(427964.61950635066),np.float64(0.9984531708387586),5
2022-04-08,np.float64(423138.088705252),np.float64(0.9984355269092944),5
2022-04-11,np.float64(415546.6820918556),np.float64(1.0),5
2022-04-12,np.float64(414109.97531996696),np.float64(1.0),5
2022-04-13,np.float64(422325.91984100675),np.float64(1.0),5
2022-04-14,np.float64(409141.37677473424),np.float64(1.0),5
2022-04-18,np.float64(412584.3754135837),np.float64(1.0),5
2022-04-19,np.float64(420917.03723268694),np.float64(1.0),5
2022-04-20,np.float64(416538.378280129),np.float64(1.0),5
2022-04-21,np.float64(403776.09970319574),np.float64(1.0),5
2022-04-22,np.float64(392115.44781424955),np.float64(1.0),5
2022-04-25,np.float64(399900.4175946105),np.float64(1.0),5
2022-04-26,np.float64(383561.9158704064),np.float64(1.0),5
2022-04-27,np.float64(375111.26027683396),np.float64(1.0),5
2022-04-28,np.float64(405796.68056052015),np.float64(1.0),5
2022-04-29,np.float64(387715.6255874876),np.float64(1.0),5
2022-05-02,np.float64(395455.2137332475),np.float64(1.0),5
2022-05-03,np.float64(397572.9601948748),np.float64(1.0),5
2022-05-04,np.float64(409217.57558054087),np.float64(1.0),5
2022-05-05,np.float64(383710.7982641413),np.float64(1.0),5
2022-05-06,np.float64(376857.5135263052),np.float64(1.0),5
2022-05-09,np.float64(367932.2619062383),np.float64(1.0),5
2022-05-10,np.float64(368780.3046171919),np.float64(1.0),5
2022-05-11,np.float64(360857.1424568636),np.float64(1.0),5
2022-05-12,np.float64(361743.7961808711),np.float64(1.0),5
2022-05-13,np.float64(370169.22588184045),np.float64(1.0),5
2022-05-16,np.float64(364468.1172764763),np.float64(1.0),5
2022-05-17,np.float64(377738.74303912907),np.float64(1.0),5
2022-05-18,np.float64(358503.1048952714),np.float64(0.9995085451242571),5
2022-05-19,np.float64(356112.7442233073),np.float64(0.9995052462970568),5
2022-05-20,np.float64(349267.73945797526),np.float64(0.9994955500352161),5
2022-05-23,np.float64(355877.9375771441),np.float64(1.0),5
2022-05-24,np.float64(355140.4530749256),np.float64(1.0),5
2022-05-25,np.float64(358793.750778135),np.float64(1.0),5
2022-05-26,np.float64(371539.1621516637),np.float64(1.0),5
2022-05-27,np.float64(380926.54730186425),np.float64(1.0),5
2022-05-31,np.float64(376550.7762655086),np.float64(1.0),5
2022-06-01,np.float64(380559.2485668963),np.float64(1.0),5
2022-06-02,np.float64(393034.9544827177),np.float64(0.9986987588431884),5
2022-06-03,np.float64(385088.96078640997),np.float64(0.9986719088031139),5
2022-06-06,np.float64(388864.3573913933),np.float64(1.0),5
2022-06-07,np.float64(389435.345436808),np.float64(1.0),5
2022-06-08,np.float64(386062.91391753405),np.float64(1.0),5
2022-06-09,np.float64(378645.10201401886),np.float64(1.0),5
2022-06-10,np.float64(375717.2950494418),np.float64(1.0),5
2022-06-13,np.float64(364502.02784723876),np.float64(1.0),5
2022-06-14,np.float64(362675.23458072875),np.float64(1.0),5
2022-06-15,np.float64(369836.1732744198),np.float64(1.0),5
2022-06-16,np.float64(352263.46234782593),np.float64(1.0),5
2022-06-17,np.float64(354210.3665095688),np.float64(1.0),5
2022-06-21,np.float64(365765.4016109899),np.float64(1.0),5
2022-06-22,np.float64(359932.9400247814),np.float64(1.0),5
2022-06-23,np.float64(354767.2905060244),np.float64(1.0),5
2022-06-24,np.float64(369076.2593467715),np.float64(1.0),5
2022-06-27,np.float64(372736.8183974941),np.float64(1.0),5
2022-06-28,np.float64(370269.85935191275),np.float64(1.0),5
2022-06-29,np.float64(367176.40591237973),np.float64(1.0),5
2022-06-30,np.float64(363475.83791393053),np.float64(1.0),5
2022-07-01,np.float64(367642.32841894485),np.float64(1.0),5
2022-07-05,np.float64(379393.32189566176),np.float64(1.0),5
2022-07-06,np.float64(382001.2137061984),np.float64(1.0),5
2022-07-07,np.float64(397925.62177529687),np.float64(1.0),5
2022-07-08,np.float64(398145.7370999592),np.float64(1.0),5
2022-07-11,np.float64(390598.97651985113),np.float64(1.0),5
2022-07-12,np.float64(388230.2967030179),np.float64(1.0),5
2022-07-13,np.float64(388308.25168797176),np.float64(1.0),5
2022-07-14,np.float64(389910.6032005662),np.float64(1.0),5
2022-07-15,np.float64(397064.7960765197),np.float64(1.0),5
2022-07-18,np.float64(392420.28843219974),np.float64(1.0),5
2022-07-19,np.float64(404510.59225102497),np.float64(1.0),5
2022-07-20,np.float64(413007.0540252073),np.float64(1.0),5
2022-07-21,np.float64(424950.22332101257),np.float64(1.0),5
2022-07-22,np.float64(416337.86282472947),np.float64(1.0),5
2022-07-25,np.float64(414358.6995681301),np.float64(1.0),5
2022-07-26,np.float64(414717.0505530266),np.float64(1.0),5
2022-07-27,np.float64(423293.4933009773),np.float64(1.0),5
2022-07-28,np.float64(427916.80563217436),np.float64(1.0),5
2022-07-29,np.float64(429606.33012087084),np.float64(1.0),5
2022-08-01,np.float64(435189.0495084533),np.float64(1.0),5
2022-08-02,np.float64(432436.9278710385),np.float64(1.0),5
2022-08-03,np.float64(439008.01500792365),np.float64(1.0),5
2022-08-04,np.float64(435289.27873626316),np.float64(0.998005295762479),5
2022-08-05,np.float64(432610.4002440168),np.float64(0.9979929438396467),5
2022-08-08,np.float64(432504.36008957983),np.float64(1.0),5
2022-08-09,np.float64(432959.7227355319),np.float64(1.0),5
2022-08-10,np.float64(437130.1110690372),np.float64(1.0),5
2022-08-11,np.float64(438704.11460018676),np.float64(0.9971692398520489),5
2022-08-12,np.float64(442132.6278911032),np.float64(0.9971911909549045),5
2022-08-15,np.float64(443074.05340079736),np.float64(1.0),5
2022-08-16,np.float64(444351.1026158772),np.float64(1.0),5
2022-08-17,np.float64(440456.86827597016),np.float64(1.0),5
2022-08-18,np.float64(445199.96041490696),np.float64(1.0),5
2022-08-19,np.float64(437178.14112346823),np.float64(1.0),5
2022-08-22,np.float64(425595.90340781567),np.float64(1.0),5
2022-08-23,np.float64(424353.3979240573),np.float64(1.0),5
2022-08-24,np.float64(425206.7715475441),np.float64(0.9994844070887431),5
2022-08-25,np.float64(439010.2687802934),np.float64(0.9995006185212081),5
2022-08-26,np.float64(414671.75243752584),np.float64(0.9994713080986596),5
2022-08-29,np.float64(407580.6152513168),np.float64(1.0),5
2022-08-30,np.float64(403410.7351539919),np.float64(1.0),5
2022-08-31,np.float64(399977.2546740272),np.float64(1.0),5
2022-09-01,np.float64(394185.09069901105),np.float64(1.0),5
2022-09-02,np.float64(389463.13908536494),np.float64(1.0),5
2022-09-06,np.float64(381908.85554411676),np.float64(1.0),5
2022-09-07,np.float64(387123.685478545),np.float64(0.9999414393801261),5
2022-09-08,np.float64(395422.19767726515),np.float64(0.9999426683602421),5
2022-09-09,np.float64(407230.0792190934),np.float64(0.9999443307256847),5
2022-09-12,np.float64(409519.776617512),np.float64(1.0),5
2022-09-13,np.float64(390957.43215580686),np.float64(1.0),5
2022-09-14,np.float64(394076.37829814514),np.float64(1.0),5
2022-09-15,np.float64(389516.37155204435),np.float64(0.9985244437400005),5
2022-09-16,np.float64(391455.2663371588),np.float64(0.9985317522336744),5
2022-09-19,np.float64(393412.7885579569),np.float64(1.0),5
2022-09-20,np.float64(386449.92234273005),np.float64(1.0),5
2022-09-21,np.float64(379673.46245131316),np.float64(1.0),5
2022-09-22,np.float64(373629.74822742183),np.float64(1.0),5
2022-09-23,np.float64(369060.309119339),np.float64(1.0),5
2022-09-26,np.float64(368473.71948205016),np.float64(1.0),5
2022-09-27,np.float64(371866.5370270719),np.float64(1.0),5
2022-09-28,np.float64(380225.41237824876),np.float64(1.0),5
2022-09-29,np.float64(367452.9105635127),np.float64(1.0),5
2022-09-30,np.float64(362421.4738500744),np.float64(1.0),5
2022-10-03,np.float64(372104.5700555338),np.float64(1.0),5
2022-10-04,np.float64(382584.25424839393),np.float64(1.0),5
2022-10-05,np.float64(384607.25344634394),np.float64(1.0),5
2022-10-06,np.float64(379911.2087266069),np.float64(1.0),5
2022-10-07,np.float64(367230.26061682944),np.float64(1.0),5
2022-10-10,np.float64(367871.7427855412),np.float64(1.0),5
2022-10-11,np.float64(367051.7771477748),np.float64(1.0),5
2022-10-12,np.float64(371538.5577026701),np.float64(1.0),5
2022-10-13,np.float64(378893.46612833434),np.float64(1.0),5
2022-10-14,np.float64(366018.9058905194),np.float64(1.0),5
2022-10-17,np.float64(372297.3536049949),np.float64(1.0),5
2022-10-18,np.float64(374778.06148013374),np.float64(1.0),5
2022-10-19,np.float64(377664.179801965),np.float64(1.0),5
2022-10-20,np.float64(372495.9964259774),np.float64(1.0),5
2022-10-21,np.float64(387127.3503997921),np.float64(1.0),5
2022-10-24,np.float64(391086.35184076824),np.float64(1.0),5
2022-10-25,np.float64(398191.28634881193),np.float64(1.0),5
2022-10-26,np.float64(395765.4452176809),np.float64(1.0),5
2022-10-27,np.float64(376375.34182485007),np.float64(1.0),5
2022-10-28,np.float64(382450.26212622406),np.float64(1.0),5
2022-10-31,np.float64(374744.4867028233),np.float64(1.0),5
2022-11-01,np.float64(368737.38766559516),np.float64(1.0),5
2022-11-02,np.float64(354286.5472604042),np.float64(1.0),5
2022-11-03,np.float64(346266.77090550924),np.float64(1.0),5
2022-11-04,np.float64(357576.36375468806),np.float64(1.0),5
2022-11-07,np.float64(368511.5589773088),np.float64(1.0),5
2022-11-08,np.float64(371987.43261231296),np.float64(1.0),5
2022-11-09,np.float64(361668.7888179604),np.float64(1.0),5
2022-11-10,np.float64(398311.4103487505),np.float64(1.0),5
2022-11-11,np.float64(407135.6741594564),np.float64(1.0),5
2022-11-14,np.float64(399672.0815319264),np.float64(1.0),5
2022-11-15,np.float64(406986.76087275404),np.float64(1.0),5
2022-11-16,np.float64(404560.83791823505),np.float64(1.0),5
2022-11-17,np.float64(408089.18609375367),np.float64(1.0),5
2022-11-18,np.float64(411486.4636713446),np.float64(1.0),5
2022-11-21,np.float64(404402.5453677892),np.float64(1.0),5
2022-11-22,np.float64(412039.0051441302),np.float64(1.0),5
2022-11-23,np.float64(421874.6602930304),np.float64(0.9995119056062816),5
2022-11-25,np.float64(419511.016707098),np.float64(0.9995091555445738),5
2022-11-28,np.float64(411294.39530634717),np.float64(1.0),5
2022-11-29,np.float64(407903.52679360396),np.float64(1.0),5
2022-11-30,np.float64(430919.3345911895),np.float64(1.0),5
2022-12-01,np.float64(432810.08755666297),np.float64(1.0),5
2022-12-02,np.float64(430658.0146073653),np.float64(1.0),5
2022-12-05,np.float64(415949.79899317736),np.float64(1.0),5
2022-12-06,np.float64(411535.3764140003),np.float64(1.0),5
2022-12-07,np.float64(409991.6419399963),np.float64(1.0),5
2022-12-08,np.float64(413328.3714261095),np.float64(1.0),5
2022-12-09,np.float64(412536.1823600827),np.float64(1.0),5
2022-12-12,np.float64(412753.046331202),np.float64(1.0),5
2022-12-13,np.float64(415268.9547721952),np.float64(1.0),5
2022-12-14,np.float64(408412.44666982634),np.float64(1.0),5
2022-12-15,np.float64(398710.20448263705),np.float64(1.0),5
2022-12-16,np.float64(391425.8488232697),np.float64(1.0),5
2022-12-19,np.float64(387485.21031304315),np.float64(1.0),5
2022-12-20,np.float64(379552.33848807646),np.float64(1.0),5
2022-12-21,np.float64(385402.7993400505),np.float64(1.0),5
2022-12-22,np.float64(374019.55622762785),np.float64(1.0),5
2022-12-23,np.float64(373757.15498973633),np.float64(1.0),5
2022-12-27,np.float64(359576.36116299883),np.float64(1.0),5
2022-12-28,np.float64(358090.9969708154),np.float64(1.0),5
2022-12-29,np.float64(373028.0470558015),np.float64(1.0),5
2022-12-30,np.float64(373736.2357631235),np.float64(0.999541841005121),5
