session,ticker,side,shares,price,notional,cost,lambda,slot
2017-02-01,AMAT,buy,np.float64(578.2017924255565),np.float64(34.59),np.float64(20000.0),np.float64(0.0),1.0,
2017-02-01,AMD,buy,np.float64(1833.180568285976),np.float64(10.91),np.float64(20000.0),np.float64(0.0),1.0,
2017-02-01,JPM,buy,np.float64(233.8087444470423),np.float64(85.54),np.float64(20000.0),np.float64(0.0),1.0,
2017-02-01,MU,buy,np.float64(817.6614881439084),np.float64(24.46),np.float64(20000.0),np.float64(0.0),1.0,
2017-02-01,NVDA,buy,np.float64(180.83362492755353),np.float64(110.5989),np.float64(20000.0),np.float64(0.0),1.0,
2017-03-01,AMD,sell,np.float64(386.7792820731475),np.float64(15.08),np.float64(5832.631573663064),np.float64(0.0),,
2017-03-01,AMAT,buy,np.float64(19.379889659085944),np.float64(36.5),np.float64(707.365972556637),np.float64(0.0),np.float64(0.9999999999999964),
2017-03-01,JPM,buy,np.float64(1.2567949008340982),np.float64(92.79),np.float64(116.61799884839597),np.float64(0.0),np.float64(0.9999999999999964),
2017-03-01,MU,buy,np.float64(84.0223231867839),np.float64(24.19),np.float64(2032.4999978883025),np.float64(0.0),np.float64(0.9999999999999964),
2017-03-01,NVDA,buy,np.float64(29.501296924803682),np.float64(103.7),np.float64(3059.284491102142),np.float64(0.0),np.float64(0.9999999999999964),
2017-04-03,AMAT,sell,np.float64(12.256207568545143),np.float64(38.99),np.float64(477.8695330975752),np.float64(0.0),,
2017-04-03,MU,sell,np.float64(113.0922338813959),np.float64(28.94),np.float64(3272.8892485275974),np.float64(0.0),,
2017-04-03,NVDA,sell,np.float64(0.8449250524431519),np.float64(108.94),np.float64(92.04613521315696),np.float64(0.0),,
2017-04-03,AMD,buy,np.float64(116.73845703255748),np.float64(14.6),np.float64(1704.3814726753392),np.float64(0.0),np.float64(0.999999999999999),
2017-04-03,JPM,buy,np.float64(24.30302811868383),np.float64(87.99),np.float64(2138.42344416299),np.float64(0.0),np.float64(0.999999999999999),
2017-05-01,AMAT,sell,np.float64(40.318228386994804),np.float64(40.98),np.float64(1652.240999299047),np.float64(0.0),,
2017-05-01,JPM,sell,np.float64(259.36856746656025),np.float64(87.36),np.float64(22658.438053878705),np.float64(0.0),,
2017-05-01,AMD,buy,np.float64(99.8831120316519),np.float64(13.43),np.float64(1341.430194585085),np.float64(0.0),np.float64(0.9999999999999994),
2017-05-01,MU,buy,np.float64(13.36163426957693),np.float64(27.85),np.float64(372.12151440771754),np.float64(0.0),np.float64(0.9999999999999994),
2017-05-01,NFLX,buy,np.float64(147.02387562616423),np.float64(151.91),np.float64(22334.39694637061),np.float64(0.0),np.float64(0.9999999999999994),
2017-05-01,NVDA,buy,np.float64(3.746559877292564),np.float64(104.74),np.float64(392.4146815476231),np.float64(0.0),np.float64(0.9999999999999994),
2017-06-01,AMAT,sell,np.float64(7.674135470285428),np.float64(45.97),np.float64(352.7800075690211),np.float64(0.0),,
2017-06-01,NVDA,sell,np.float64(42.871682568745236),np.float64(144.99),np.float64(6215.9652556423725),np.float64(0.0),,
2017-06-01,AMD,buy,np.float64(532.6396422328123),np.float64(11.25),np.float64(5992.195975119139),np.float64(0.0),1.0,
2017-06-01,MU,buy,np.float64(0.0339018196273055),np.float64(30.8),np.float64(1.0441760445210093),np.float64(0.0),1.0,
2017-06-01,NFLX,buy,np.float64(4.035340964991694),np.float64(163.52),np.float64(659.8589545954419),np.float64(0.0),1.0,
2017-07-03,AMD,sell,np.float64(265.95105562089987),np.float64(12.57),np.float64(3343.0047691547115),np.float64(0.0),,
2017-07-03,NVDA,sell,np.float64(3.136519578684717),np.float64(145.05),np.float64(454.9521648882182),np.float64(0.0),,
2017-07-03,AMAT,buy,np.float64(49.564368763977605),np.float64(41.33),np.float64(2048.4953610151942),np.float64(0.0),np.float64(0.9999999999999952),
2017-07-03,MU,buy,np.float64(4.143588506833624),np.float64(30.09),np.float64(124.68057817062376),np.float64(0.0),np.float64(0.9999999999999952),
2017-07-03,NFLX,buy,np.float64(10.844887163643858),np.float64(149.82),np.float64(1624.7809948571226),np.float64(0.0),np.float64(0.9999999999999952),
2017-08-01,AMD,sell,np.float64(6.463550076019792),np.float64(13.72),np.float64(88.67990704299154),np.float64(0.0),,
2017-08-01,NFLX,sell,np.float64(17.310092709408725),np.float64(182.49),np.float64(3158.9188185399985),np.float64(0.0),,
2017-08-01,NVDA,sell,np.float64(4.471462775430255),np.float64(162.125),np.float64(724.9359024666301),np.float64(0.0),,
2017-08-01,AMAT,buy,np.float64(7.537327418237324),np.float64(44.39),np.float64(334.58196409555484),np.float64(0.0),np.float64(0.9999999999999964),
2017-08-01,MU,buy,np.float64(128.91398525705407),np.float64(28.22),np.float64(3637.9526639540654),np.float64(0.0),np.float64(0.9999999999999964),
2017-09-01,AMAT,sell,np.float64(594.4348068410319),np.float64(45.19),np.float64(26862.50892114623),np.float64(0.0),,
2017-09-01,MU,sell,np.float64(93.0605671470388),np.float64(32.13),np.float64(2990.0360224343567),np.float64(0.0),,
2017-09-01,NVDA,sell,np.float64(3.5750748635468295),np.float64(169.95),np.float64(607.5839730597836),np.float64(0.0),,
2017-09-01,AMD,buy,np.float64(138.7147439028758),np.float64(13.12),np.float64(1819.9374400057304),np.float64(0.0),np.float64(0.9999999999999996),
2017-09-01,NFLX,buy,np.float64(9.509946690817332),np.float64(175.55),np.float64(1669.4711415729828),np.float64(0.0),np.float64(0.9999999999999996),
2017-09-01,TSLA,buy,np.float64(75.96582550991624),np.float64(356.12),np.float64(27052.94978059137),np.float64(0.0),np.float64(0.9999999999999996),
2017-10-02,MU,sell,np.float64(121.6240795010754),np.float64(39.6),np.float64(4816.313548242586),np.float64(0.0),,
2017-10-02,NVDA,sell,np.float64(1.5781836868810082),np.float64(181.0),np.float64(285.65124732546246),np.float64(0.0),,
2017-10-02,AMD,buy,np.float64(166.65124005835423),np.float64(12.8),np.float64(2133.135872746934),np.float64(0.0),1.0,
2017-10-02,NFLX,buy,np.float64(2.5390470955375726),np.float64(182.11),np.float64(462.3858665683474),np.float64(0.0),1.0,
2017-10-02,TSLA,buy,np.float64(7.317654607768145),np.float64(342.52),np.float64(2506.443056252745),np.float64(0.0),1.0,
2017-11-01,MU,sell,np.float64(55.48683022016452),np.float64(44.79),np.float64(2485.255125561169),np.float64(0.0),,
2017-11-01,NFLX,sell,np.float64(156.64300483174594),np.float64(197.24),np.float64(30896.26627301357),np.float64(0.0),,
2017-11-01,NVDA,sell,np.float64(15.355383405285794),np.float64(209.35),np.float64(3214.649515896581),np.float64(0.0),,
2017-11-01,AMAT,buy,np.float64(522.4503700937499),np.float64(57.0),np.float64(29779.671095343747),np.float64(0.0),np.float64(0.9999999999999992),
2017-11-01,AMD,buy,np.float64(418.46799936750745),np.float64(11.25),np.float64(4707.7649928844585),np.float64(0.0),np.float64(0.9999999999999992),
2017-11-01,TSLA,buy,np.float64(6.3468316816948915),np.float64(332.25),np.float64(2108.734826243128),np.float64(0.0),np.float64(0.9999999999999992),
2017-12-01,AMD,sell,np.float64(2647.081875141668),np.float64(10.81),np.float64(28614.955070281434),np.float64(0.0),,
2017-12-01,NVDA,sell,np.float64(2.4366028522488006),np.float64(199.31),np.float64(485.6393144817084),np.float64(0.0),,
2017-12-01,ADBE,buy,np.float64(155.23290821059416),np.float64(179.51),np.float64(27865.859352883755),np.float64(0.0),np.float64(0.999999999999999),
2017-12-01,AMAT,buy,np.float64(13.43154053863053),np.float64(52.0),np.float64(698.4401080087875),np.float64(0.0),np.float64(0.999999999999999),
2017-12-01,MU,buy,np.float64(2.892410291598153),np.float64(41.73),np.float64(120.70028146839093),np.float64(0.0),np.float64(0.999999999999999),
2017-12-01,TSLA,buy,np.float64(1.6015483135194362),np.float64(305.44),np.float64(489.1769168813766),np.float64(0.0),np.float64(0.999999999999999),
2018-01-02,MU,sell,np.float64(0.6123586667392424),np.float64(41.54),np.float64(25.43737901634813),np.float64(0.0),,
2018-01-02,TSLA,sell,np.float64(91.23186011289872),np.float64(312.0),np.float64(28464.340355224398),np.float64(0.0),,
2018-01-02,ADBE,buy,np.float64(2.3647403872423762),np.float64(175.85),np.float64(415.8395970965719),np.float64(0.0),np.float64(0.9999999999999994),
2018-01-02,AMAT,buy,np.float64(0.370924234677459),np.float64(51.68),np.float64(19.16936444813108),np.float64(0.0),np.float64(0.9999999999999994),
2018-01-02,AVGO,buy,np.float64(106.68493862235647),np.float64(259.77),np.float64(27713.54650592954),np.float64(0.0),np.float64(0.9999999999999994),
2018-01-02,NVDA,buy,np.float64(1.742886233356341),np.float64(195.78),np.float64(341.22226676650445),np.float64(0.0),np.float64(0.9999999999999994),
2018-02-01,ADBE,sell,np.float64(8.78909947451422),np.float64(199.12),np.float64(1750.0854873652715),np.float64(0.0),,
2018-02-01,AVGO,sell,np.float64(106.68493862235647),np.float64(241.72),np.float64(25787.883363796005),np.float64(0.0),,
2018-02-01,NVDA,sell,np.float64(17.326970285911923),np.float64(238.52),np.float64(4132.828952595712),np.float64(0.0),,
2018-02-01,AMAT,buy,np.float64(21.135395032037966),np.float64(53.16),np.float64(1123.5575999031382),np.float64(0.0),np.float64(0.9999999999999993),
2018-02-01,MU,buy,np.float64(21.29372449855794),np.float64(43.04),np.float64(916.4819024179336),np.float64(0.0),np.float64(0.9999999999999993),
2018-02-01,WMT,buy,np.float64(279.6673742466816),np.float64(105.95),np.float64(29630.75830143592),np.float64(0.0),np.float64(0.9999999999999993),
2018-03-01,ADBE,sell,np.float64(3.992114958891924),np.float64(210.32),np.float64(839.6216181541495),np.float64(0.0),,
2018-03-01,AMAT,sell,np.float64(557.3882298990959),np.float64(57.54),np.float64(32072.11874839398),np.float64(0.0),,
2018-03-01,MU,sell,np.float64(63.92797008299304),np.float64(48.77),np.float64(3117.7671009475707),np.float64(0.0),,
2018-03-01,WMT,sell,np.float64(279.6673742466816),np.float64(90.17),np.float64(25217.60713582328),np.float64(0.0),,
2018-03-01,AMZN,buy,np.float64(20.12274870075515),np.float64(1513.6),np.float64(30457.792433462993),np.float64(0.0),np.float64(0.9999999999999999),
2018-03-01,NFLX,buy,np.float64(104.04028158313577),np.float64(292.75),np.float64(30457.792433462993),np.float64(0.0),np.float64(0.9999999999999999),
2018-03-01,NVDA,buy,np.float64(1.6779078740729232),np.float64(241.91),np.float64(405.90269381698084),np.float64(0.0),np.float64(0.9999999999999999),
2018-04-02,ADBE,sell,np.float64(4.231473935433914),np.float64(214.81),np.float64(908.962916070559),np.float64(0.0),,
2018-04-02,MU,sell,np.float64(38.58468766602093),np.float64(51.54),np.float64(1988.654802306719),np.float64(0.0),,
2018-04-02,NFLX,sell,np.float64(0.5976039548877335),np.float64(291.94),np.float64(174.46449858992494),np.float64(0.0),,
2018-04-02,AMZN,buy,np.float64(1.1798960889562884),np.float64(1417.62),np.float64(1672.6442936262135),np.float64(0.0),np.float64(0.9999999999999977),
2018-04-02,NVDA,buy,np.float64(6.118028868326438),np.float64(228.74),np.float64(1399.4379233409895),np.float64(0.0),np.float64(0.9999999999999977),
2018-05-01,ADBE,sell,np.float64(2.1572799732379346),np.float64(220.77),np.float64(476.2626996917389),np.float64(0.0),,
2018-05-01,AMZN,sell,np.float64(1.752818808682655),np.float64(1563.22),np.float64(2740.0414181089),np.float64(0.0),,
2018-05-01,NFLX,sell,np.float64(4.974192739525875),np.float64(310.36),np.float64(1543.7904586392506),np.float64(0.0),,
2018-05-01,MU,buy,np.float64(84.4030032832579),np.float64(45.59),np.float64(3847.932919683728),np.float64(0.0),1.0,
2018-05-01,NVDA,buy,np.float64(4.061814386410269),np.float64(224.57),np.float64(912.1616567561541),np.float64(0.0),1.0,
2018-06-01,MU,sell,np.float64(73.35941879336761),np.float64(58.81),np.float64(4314.267419237949),np.float64(0.0),,
2018-06-01,ADBE,buy,np.float64(1.6971294871233829),np.float64(250.55),np.float64(425.2157929987636),np.float64(0.0),np.float64(0.9999999999999941),
2018-06-01,AMZN,buy,np.float64(1.8964951499700697),np.float64(1637.03),np.float64(3104.6194553555033),np.float64(0.0),np.float64(0.9999999999999941),
2018-06-01,NFLX,buy,np.float64(0.7410524716233426),np.float64(353.88),np.float64(262.2436486580685),np.float64(0.0),np.float64(0.9999999999999941),
2018-06-01,NVDA,buy,np.float64(2.136225666649673),np.float64(254.0),np.float64(542.6013193290169),np.float64(0.0),np.float64(0.9999999999999941),
2018-07-02,AMZN,sell,np.float64(21.44632113099885),np.float64(1682.7),np.float64(36087.724567131765),np.float64(0.0),,
2018-07-02,NFLX,sell,np.float64(10.36911268778217),np.float64(385.45),np.float64(3996.7744855056376),np.float64(0.0),,
2018-07-02,ADBE,buy,np.float64(1.9351018523868495),np.float64(241.05),np.float64(466.4563015178501),np.float64(0.0),1.0,
2018-07-02,INTC,buy,np.float64(697.7086733911887),np.float64(49.08),np.float64(34243.541690039536),np.float64(0.0),1.0,
2018-07-02,MU,buy,np.float64(67.6871039772093),np.float64(51.52),np.float64(3487.2395969058234),np.float64(0.0),1.0,
2018-07-02,NVDA,buy,np.float64(8.062119117323206),np.float64(234.09),np.float64(1887.2614641741893),np.float64(0.0),1.0,
2018-08-01,ADBE,sell,np.float64(3.9554554097723558),np.float64(245.0),np.float64(969.0865753942271),np.float64(0.0),,
2018-08-01,INTC,sell,np.float64(697.7086733911887),np.float64(48.055),np.float64(33528.39029981357),np.float64(0.0),,
2018-08-01,MU,sell,np.float64(22.135739542102307),np.float64(52.66),np.float64(1165.6680442871075),np.float64(0.0),,
2018-08-01,NVDA,sell,np.float64(146.28365880661084),np.float64(246.13),np.float64(36004.79694207112),np.float64(0.0),,
2018-08-01,AMZN,buy,np.float64(18.966138881976807),np.float64(1784.0),np.float64(33835.591765446625),np.float64(0.0),1.0,
2018-08-01,CRM,buy,np.float64(245.18544757570018),np.float64(138.0),np.float64(33835.591765446625),np.float64(0.0),1.0,
2018-08-01,NFLX,buy,np.float64(11.8997181369958),np.float64(335.87),np.float64(3996.7583306727793),np.float64(0.0),1.0,
2018-09-04,AMZN,sell,np.float64(0.9488139505629168),np.float64(2026.5),np.float64(1922.771470815751),np.float64(0.0),,
2018-09-04,CRM,sell,np.float64(245.18544757570018),np.float64(152.11),np.float64(37295.15843073976),np.float64(0.0),,
2018-09-04,NFLX,sell,np.float64(1.1082248530818029),np.float64(366.47),np.float64(406.1311619088883),np.float64(0.0),,
2018-09-04,ADBE,buy,np.float64(0.3720825694254434),np.float64(263.67),np.float64(98.10701108040666),np.float64(0.0),1.0,
2018-09-04,MU,buy,np.float64(57.80847950270883),np.float64(52.135),np.float64(3013.8450788737246),np.float64(0.0),1.0,
2018-09-04,NVDA,buy,np.float64(130.33056924329915),np.float64(280.15),np.float64(36512.10897351025),np.float64(0.0),1.0,
2018-10-01,ADBE,sell,np.float64(5.7359046520083625),np.float64(271.76),np.float64(1558.7894482297925),np.float64(0.0),,
2018-10-01,AMZN,sell,np.float64(0.17668540114531078),np.float64(2021.99),np.float64(357.25611426180694),np.float64(0.0),,
2018-10-01,MU,sell,np.float64(700.3377572362185),np.float64(45.44),np.float64(31823.347688813767),np.float64(0.0),,
2018-10-01,NFLX,sell,np.float64(3.6532170816395935),np.float64(375.85),np.float64(1373.0616401342413),np.float64(0.0),,
2018-10-01,NVDA,sell,np.float64(130.33056924329915),np.float64(284.16),np.float64(37034.73455617589),np.float64(0.0),,
2018-10-01,AMD,buy,np.float64(1178.1056408820302),np.float64(30.62),np.float64(36073.594723807764),np.float64(0.0),1.0,
2018-10-01,CRM,buy,np.float64(225.17849390641553),np.float64(160.2),np.float64(36073.594723807764),np.float64(0.0),1.0,
2018-11-01,ADBE,sell,np.float64(15.791925735397772),np.float64(245.69),np.float64(3879.9182339298786),np.float64(0.0),,
2018-11-01,AMZN,sell,np.float64(0.14270468532273112),np.float64(1623.53),np.float64(231.68533776201366),np.float64(0.0),,
2018-11-01,CRM,sell,np.float64(17.569186400527293),np.float64(138.4),np.float64(2431.5753978329776),np.float64(0.0),,
2018-11-01,NFLX,sell,np.float64(1.6449139520400846),np.float64(304.59),np.float64(501.0243406518893),np.float64(0.0),,
2018-11-01,AMD,buy,np.float64(382.62918577820506),np.float64(18.41),np.float64(7044.203310176756),np.float64(0.0),1.0,
2018-12-03,AMD,sell,np.float64(182.42727213566687),np.float64(22.48),np.float64(4100.9650776097915),np.float64(0.0),,
2018-12-03,AMZN,sell,np.float64(0.18730797250323966),np.float64(1769.46),np.float64(331.43396502558244),np.float64(0.0),,
2018-12-03,ADBE,buy,np.float64(1.897342131936944),np.float64(260.71),np.float64(494.6560672172806),np.float64(0.0),np.float64(0.9999999999999976),
2018-12-03,CRM,buy,np.float64(4.1771164566018255),np.float64(146.3),np.float64(611.1121376008472),np.float64(0.0),np.float64(0.9999999999999976),
2018-12-03,NFLX,buy,np.float64(11.346331177111258),np.float64(293.19),np.float64(3326.63083781725),np.float64(0.0),np.float64(0.9999999999999976),
2019-01-02,CRM,sell,np.float64(13.483013927459194),np.float64(133.4),np.float64(1798.6340579230564),np.float64(0.0),,
2019-01-02,NFLX,sell,np.float64(3.6526771145914028),np.float64(259.28),np.float64(947.0661222712588),np.float64(0.0),,
2019-01-02,ADBE,buy,np.float64(1.4471371621958375),np.float64(219.91),np.float64(318.23993333848665),np.float64(0.0),np.float64(0.999999999999992),
2019-01-02,AMD,buy,np.float64(90.52503285317192),np.float64(18.01),np.float64(1630.3558416856265),np.float64(0.0),np.float64(0.999999999999992),
2019-01-02,AMZN,buy,np.float64(0.5440243005529634),np.float64(1465.2),np.float64(797.104405170202),np.float64(0.0),np.float64(0.999999999999992),
2019-02-01,AMD,sell,np.float64(167.1867472424924),np.float64(24.61),np.float64(4114.465849637738),np.float64(0.0),,
2019-02-01,AMZN,sell,np.float64(18.05465117299557),np.float64(1638.88),np.float64(29589.40671439898),np.float64(0.0),,
2019-02-01,NFLX,sell,np.float64(102.0274409853175),np.float64(337.18),np.float64(34401.61255142935),np.float64(0.0),,
2019-02-01,ADBE,buy,np.float64(8.967986278019229),np.float64(247.82),np.float64(2222.446359418725),np.float64(0.0),np.float64(0.9999999999999998),
2019-02-01,AVGO,buy,np.float64(119.01729194028775),np.float64(269.15),np.float64(32033.504125728447),np.float64(0.0),np.float64(0.9999999999999998),
2019-02-01,CRM,buy,np.float64(11.917774672466527),np.float64(152.38),np.float64(1816.0305045904493),np.float64(0.0),np.float64(0.9999999999999998),
2019-02-01,MSFT,buy,np.float64(308.68228499858776),np.float64(103.775),np.float64(32033.504125728447),np.float64(0.0),np.float64(0.9999999999999998),
2019-03-01,ADBE,sell,np.float64(2.590659612579945),np.float64(265.75),np.float64(688.4677920431204),np.float64(0.0),,
2019-03-01,AVGO,sell,np.float64(119.01729194028775),np.float64(277.73),np.float64(33054.67249057612),np.float64(0.0),,
2019-03-01,CRM,sell,np.float64(6.39018753872009),np.float64(165.15),np.float64(1055.339472019623),np.float64(0.0),,
2019-03-01,MSFT,sell,np.float64(308.68228499858776),np.float64(112.89),np.float64(34847.14315349057),np.float64(0.0),,
2019-03-01,AMD,buy,np.float64(102.7216685182178),np.float64(23.97),np.float64(2462.2383943816803),np.float64(0.0),np.float64(0.9999999999999993),
2019-03-01,KO,buy,np.float64(740.3274506800869),np.float64(45.47),np.float64(33662.68918242355),np.float64(0.0),np.float64(0.9999999999999993),
2019-03-01,NFLX,buy,np.float64(92.92411301944335),np.float64(362.26),np.float64(33662.68918242355),np.float64(0.0),np.float64(0.9999999999999993),
2019-04-01,ADBE,sell,np.float64(126.67051432708777),np.float64(269.85),np.float64(34182.03829116464),np.float64(0.0),,
2019-04-01,AMD,sell,np.float64(99.57837180093014),np.float64(26.42),np.float64(2630.8605829805747),np.float64(0.0),,
2019-04-01,KO,sell,np.float64(740.3274506800869),np.float64(46.99),np.float64(34787.986907457285),np.float64(0.0),,
2019-04-01,CRM,buy,np.float64(11.487734846488067),np.float64(160.1),np.float64(1839.1863489227394),np.float64(0.0),np.float64(0.9999999999999998),
2019-04-01,CSCO,buy,np.float64(632.8137493463787),np.float64(54.475),np.float64(34472.52899564398),np.float64(0.0),np.float64(0.9999999999999998),
2019-04-01,MSFT,buy,np.float64(289.80688520928106),np.float64(118.95),np.float64(34472.52899564398),np.float64(0.0),np.float64(0.9999999999999998),
2019-04-01,NFLX,buy,np.float64(3.099644628590037),np.float64(359.0),np.float64(1112.7724216638233),np.float64(0.0),np.float64(0.9999999999999998),
2019-05-01,AMD,sell,np.float64(41.017229381749104),np.float64(28.95),np.float64(1187.4487906016366),np.float64(0.0),,
2019-05-01,CSCO,sell,np.float64(632.8137493463787),np.float64(56.0),np.float64(35437.56996339721),np.float64(0.0),,
2019-05-01,MSFT,sell,np.float64(9.517321727481717),np.float64(130.53),np.float64(1242.2960050881884),np.float64(0.0),,
2019-05-01,NFLX,sell,np.float64(96.0237576480334),np.float64(374.0),np.float64(35912.88536036449),np.float64(0.0),,
2019-05-01,AVGO,buy,np.float64(114.15349991038772),np.float64(320.5),np.float64(36586.196721279266),np.float64(0.0),1.0,
2019-05-01,CRM,buy,np.float64(4.993776468034934),np.float64(166.065),np.float64(829.2914891642213),np.float64(0.0),1.0,
2019-05-01,PEP,buy,np.float64(286.16501150785507),np.float64(127.85),np.float64(36586.196721279266),np.float64(0.0),1.0,
2019-06-03,AMD,sell,np.float64(82.78257075912805),np.float64(28.75),np.float64(2379.9989093249314),np.float64(0.0),,
2019-06-03,CRM,sell,np.float64(220.3125084833003),np.float64(150.57),np.float64(33172.45440233052),np.float64(0.0),,
2019-06-03,MSFT,sell,np.float64(6.139838568919467),np.float64(123.85),np.float64(760.419006760676),np.float64(0.0),,
2019-06-03,PEP,sell,np.float64(286.16501150785507),np.float64(127.86),np.float64(36589.05837139435),np.float64(0.0),,
2019-06-03,AVGO,buy,np.float64(20.288960713093463),np.float64(252.55),np.float64(5123.977028091755),np.float64(0.0),1.0,
2019-06-03,CSCO,buy,np.float64(652.3236009694558),np.float64(52.05),np.float64(33953.443430460175),np.float64(0.0),1.0,
2019-06-03,QCOM,buy,np.float64(506.08799270323703),np.float64(67.09),np.float64(33953.443430460175),np.float64(0.0),1.0,
2019-07-01,AVGO,sell,np.float64(134.4424606234812),np.float64(301.68),np.float64(40558.60152089181),np.float64(0.0),,
2019-07-01,QCOM,sell,np.float64(27.3402622287789),np.float64(80.67),np.float64(2205.538953995594),np.float64(0.0),,
2019-07-01,AMD,buy,np.float64(33.87632599279401),np.float64(31.79),np.float64(1076.9284033109216),np.float64(0.0),1.0,
2019-07-01,CSCO,buy,np.float64(46.564915450640875),np.float64(55.26),np.float64(2573.1772278024146),np.float64(0.0),1.0,
2019-07-01,MSFT,buy,np.float64(8.515717650060436),np.float64(136.63),np.float64(1163.5025025277573),np.float64(0.0),1.0,
2019-07-01,PEP,buy,np.float64(292.60231394328764),np.float64(131.99),np.float64(38620.57941737454),np.float64(0.0),1.0,
2019-08-01,CSCO,sell,np.float64(34.0647232547382),np.float64(55.84),np.float64(1902.1741465445812),np.float64(0.0),,
2019-08-01,MSFT,sell,np.float64(11.689087742840861),np.float64(137.0),np.float64(1601.405020769198),np.float64(0.0),,
2019-08-01,PEP,sell,np.float64(292.60231394328764),np.float64(128.48),np.float64(37593.54529543359),np.float64(0.0),,
2019-08-01,AMD,buy,np.float64(2.306816323535311),np.float64(30.5),np.float64(70.35789786782698),np.float64(0.0),1.0,
2019-08-01,AVGO,buy,np.float64(128.39816210823375),np.float64(289.13),np.float64(37123.76061035362),np.float64(0.0),1.0,
2019-08-01,QCOM,buy,np.float64(60.215112300710636),np.float64(68.88),np.float64(4147.6169352729485),np.float64(0.0),1.0,
2019-09-03,AMD,sell,np.float64(1217.1724790279875),np.float64(30.83),np.float64(37525.427528432854),np.float64(0.0),,
2019-09-03,MSFT,sell,np.float64(3.065436455294949),np.float64(136.61),np.float64(418.76927415784303),np.float64(0.0),,
2019-09-03,QCOM,sell,np.float64(538.9628427751687),np.float64(76.77),np.float64(41376.1774398497),np.float64(0.0),,
2019-09-03,AVGO,buy,np.float64(2.3136613125374943),np.float64(280.0),np.float64(647.8251675104984),np.float64(0.0),1.0,
2019-09-03,COST,buy,np.float64(125.09591057803584),np.float64(292.57),np.float64(36599.310557815945),np.float64(0.0),1.0,
2019-09-03,CSCO,buy,np.float64(120.06384478909011),np.float64(46.63),np.float64(5598.577082515272),np.float64(0.0),1.0,
2019-09-03,KO,buy,np.float64(665.6840770792278),np.float64(54.98),np.float64(36599.310557815945),np.float64(0.0),1.0,
2019-10-01,AVGO,sell,np.float64(130.71182342077125),np.float64(278.27),np.float64(36373.17910329801),np.float64(0.0),,
2019-10-01,CSCO,sell,np.float64(784.8876379544487),np.float64(49.65),np.float64(38969.671224438374),np.float64(0.0),,
2019-10-01,KO,sell,np.float64(665.6840770792278),np.float64(54.53),np.float64(36299.752723130296),np.float64(0.0),,
2019-10-01,MSFT,sell,np.float64(1.9731724740849896),np.float64(139.66),np.float64(275.57326773070963),np.float64(0.0),,
2019-10-01,AMAT,buy,np.float64(736.7757506664925),np.float64(50.41),np.float64(37140.865591097885),np.float64(0.0),1.0,
2019-10-01,COST,buy,np.float64(3.847519470213987),np.float64(288.04),np.float64(1108.2395082004368),np.float64(0.0),1.0,
2019-10-01,PEP,buy,np.float64(271.2397983721455),np.float64(136.93),np.float64(37140.865591097885),np.float64(0.0),1.0,
2019-10-01,WMT,buy,np.float64(312.50202432560275),np.float64(118.85),np.float64(37140.865591097885),np.float64(0.0),1.0,
2019-11-01,AMAT,sell,np.float64(39.51665679983055),np.float64(54.93),np.float64(2170.649958014692),np.float64(0.0),,
2019-11-01,COST,sell,np.float64(0.41414374301899537),np.float64(297.99),np.float64(123.41069398223043),np.float64(0.0),,
2019-11-01,MSFT,sell,np.float64(0.4418216837616086),np.float64(144.26),np.float64(63.73719609944965),np.float64(0.0),,
2019-11-01,PEP,sell,np.float64(271.2397983721455),np.float64(137.55),np.float64(37309.034266088616),np.float64(0.0),,
2019-11-01,WMT,sell,np.float64(312.50202432560275),np.float64(117.92),np.float64(36850.23870847507),np.float64(0.0),,
2019-11-01,AMD,buy,np.float64(1114.3567653795676),np.float64(34.37),np.float64(38300.442026095734),np.float64(0.0),np.float64(0.9999999999999998),
2019-11-01,AVGO,buy,np.float64(130.72269369635734),np.float64(292.99),np.float64(38300.442026095734),np.float64(0.0),np.float64(0.9999999999999998),
2019-12-02,AMD,sell,np.float64(71.62134763669998),np.float64(39.32),np.float64(2816.1513890750434),np.float64(0.0),,
2019-12-02,AVGO,sell,np.float64(130.72269369635734),np.float64(317.72),np.float64(41533.21424120666),np.float64(0.0),,
2019-12-02,COST,sell,np.float64(128.52928630523084),np.float64(299.75),np.float64(38526.653569992945),np.float64(0.0),,
2019-12-02,MSFT,sell,np.float64(265.4959242069579),np.float64(151.81),np.float64(40304.93625385828),np.float64(0.0),,
2019-12-02,AAPL,buy,np.float64(153.40426020746642),np.float64(267.27),np.float64(41000.35662564955),np.float64(0.0),np.float64(0.9999999999999999),
2019-12-02,AMAT,buy,np.float64(7.941398490571466),np.float64(58.14),np.float64(461.712908241825),np.float64(0.0),np.float64(0.9999999999999999),
2019-12-02,META,buy,np.float64(202.8415209303396),np.float64(202.13),np.float64(41000.35662564955),np.float64(0.0),np.float64(0.9999999999999999),
2019-12-02,QCOM,buy,np.float64(488.2157254780846),np.float64(83.98),np.float64(41000.35662564955),np.float64(0.0),np.float64(0.9999999999999999),
2020-01-02,AAPL,sell,np.float64(2.347496231361459),np.float64(296.24),np.float64(695.4222835785187),np.float64(0.0),,
2020-01-02,AMD,sell,np.float64(87.78331018244643),np.float64(46.86),np.float64(4113.525915149439),np.float64(0.0),,
2020-01-02,QCOM,sell,np.float64(488.2157254780846),np.float64(89.05),np.float64(43475.61035382343),np.float64(0.0),,
2020-01-02,AMAT,buy,np.float64(16.558471518272015),np.float64(62.0),np.float64(1026.625234132865),np.float64(0.0),np.float64(0.9999999999999996),
2020-01-02,META,buy,np.float64(13.598893871504806),np.float64(206.75),np.float64(2811.5713079336188),np.float64(0.0),np.float64(0.9999999999999996),
2020-01-02,NVDA,buy,np.float64(187.4306000430631),np.float64(238.75),np.float64(44749.05576028131),np.float64(0.0),np.float64(0.9999999999999996),
2020-02-03,AAPL,sell,np.float64(5.911054159224165),np.float64(304.3),np.float64(1798.7337806519135),np.float64(0.0),,
2020-02-03,AMD,sell,np.float64(3.059014946696403),np.float64(46.4),np.float64(141.9382935267131),np.float64(0.0),,
2020-02-03,META,sell,np.float64(216.4404148018444),np.float64(203.44),np.float64(44032.63798728723),np.float64(0.0),,
2020-02-03,NVDA,sell,np.float64(0.04053005037396143),np.float64(235.7),np.float64(9.552932873142709),np.float64(0.0),,
2020-02-03,AMAT,buy,np.float64(30.930870774747355),np.float64(58.68),np.float64(1815.0234970621748),np.float64(0.0),np.float64(0.9999999999999999),
2020-02-03,QCOM,buy,np.float64(516.2809993837151),np.float64(85.55),np.float64(44167.83949727682),np.float64(0.0),np.float64(0.9999999999999999),
2020-03-02,AMAT,sell,np.float64(752.6898346502528),np.float64(58.7),np.float64(44182.89329396984),np.float64(0.0),,
2020-03-02,AMD,sell,np.float64(10.199892558321713),np.float64(47.42),np.float64(483.67890511561563),np.float64(0.0),,
2020-03-02,NVDA,sell,np.float64(26.12213374629253),np.float64(276.9),np.float64(7233.218834348401),np.float64(0.0),,
2020-03-02,AAPL,buy,np.float64(13.04860627574783),np.float64(282.28),np.float64(3683.360579518097),np.float64(0.0),np.float64(0.9999999999999993),
2020-03-02,QCOM,buy,np.float64(48.86601759568387),np.float64(79.015),np.float64(3861.148380322961),np.float64(0.0),np.float64(0.9999999999999993),
2020-03-02,TSLA,buy,np.float64(62.78307728063884),np.float64(711.26),np.float64(44655.09154662718),np.float64(0.0),np.float64(0.9999999999999993),
2020-04-01,AAPL,sell,np.float64(3.586064084269908),np.float64(246.5),np.float64(883.9647967725323),np.float64(0.0),,
2020-04-01,AMD,sell,np.float64(79.06454183764788),np.float64(44.18),np.float64(3493.071458387283),np.float64(0.0),,
2020-04-01,NVDA,sell,np.float64(12.193286842678917),np.float64(255.65),np.float64(3117.2137813308655),np.float64(0.0),,
2020-04-01,QCOM,sell,np.float64(565.1470169793989),np.float64(65.0),np.float64(36734.55610366093),np.float64(0.0),,
2020-04-01,AMAT,buy,np.float64(869.5170914912251),np.float64(43.83),np.float64(38110.934120060396),np.float64(0.0),np.float64(0.9999999999999992),
2020-04-01,TSLA,buy,np.float64(12.833855497258813),np.float64(504.0),np.float64(6468.263170618442),np.float64(0.0),np.float64(0.9999999999999992),
2020-05-01,AMAT,sell,np.float64(869.5170914912251),np.float64(48.08),np.float64(41806.3817588981),np.float64(0.0),,
2020-05-01,TSLA,sell,np.float64(14.7963764132006),np.float64(755.0),np.float64(11171.264191966453),np.float64(0.0),,
2020-05-01,AAPL,buy,np.float64(5.809285302894641),np.float64(286.25),np.float64(1662.907917953591),np.float64(0.0),1.0,
2020-05-01,AMD,buy,np.float64(36.5199624077839),np.float64(51.07),np.float64(1865.0744801655237),np.float64(0.0),1.0,
2020-05-01,MSFT,buy,np.float64(261.20318575282295),np.float64(175.8),np.float64(45919.52005534628),np.float64(0.0),1.0,
2020-05-01,NVDA,buy,np.float64(12.414782828905068),np.float64(284.35),np.float64(3530.1434973991563),np.float64(0.0),1.0,
2020-06-01,MSFT,sell,np.float64(261.20318575282295),np.float64(182.54),np.float64(47680.0295273203),np.float64(0.0),,
2020-06-01,NVDA,sell,np.float64(16.52910085373589),np.float64(353.33),np.float64(5840.227204650502),np.float64(0.0),,
2020-06-01,TSLA,sell,np.float64(1.124945774834495),np.float64(858.0),np.float64(965.2034748079968),np.float64(0.0),,
2020-06-01,AAPL,buy,np.float64(0.7747015120419399),np.float64(317.75),np.float64(246.1614054513264),np.float64(0.0),np.float64(0.9999999999999993),
2020-06-01,AMD,buy,np.float64(61.624853133644585),np.float64(53.31),np.float64(3285.220920554593),np.float64(0.0),np.float64(0.9999999999999993),
2020-06-01,MU,buy,np.float64(1078.5182961908201),np.float64(47.49),np.float64(51218.833886102046),np.float64(0.0),np.float64(0.9999999999999993),
2020-07-01,AAPL,sell,np.float64(5.153641264289074),np.float64(365.12),np.float64(1881.6974984172266),np.float64(0.0),,
2020-07-01,MU,sell,np.float64(1078.5182961908201),np.float64(51.52),np.float64(55565.262619751054),np.float64(0.0),,
2020-07-01,TSLA,sell,np.float64(7.089135298316533),np.float64(1083.0),np.float64(7677.533528076805),np.float64(0.0),,
2020-07-01,AMD,buy,np.float64(121.74244379248553),np.float64(52.63),np.float64(6407.3048167985135),np.float64(0.0),np.float64(0.9999999999999993),
2020-07-01,MSFT,buy,np.float64(280.4608286932378),np.float64(203.14),np.float64(56972.81274074432),np.float64(0.0),np.float64(0.9999999999999993),
2020-07-01,NVDA,buy,np.float64(4.64136160943959),np.float64(380.83),np.float64(1767.5697417228791),np.float64(0.0),np.float64(0.9999999999999993),
2020-08-03,AMD,sell,np.float64(182.24782727287743),np.float64(78.19),np.float64(14249.957614466286),np.float64(0.0),,
2020-08-03,MSFT,sell,np.float64(280.4608286932378),np.float64(211.52),np.float64(59323.074485193654),np.float64(0.0),,
2020-08-03,TSLA,sell,np.float64(4.033495731168782),np.float64(1449.2),np.float64(5845.342013609798),np.float64(0.0),,
2020-08-03,AAPL,buy,np.float64(6.604567826619261),np.float64(432.8),np.float64(2858.456955360816),np.float64(0.0),1.0,
2020-08-03,AMZN,buy,np.float64(22.132287582462787),np.float64(3180.51),np.float64(70391.96197889872),np.float64(0.0),1.0,
2020-08-03,NVDA,buy,np.float64(14.36747071747071),np.float64(429.3),np.float64(6167.955179010176),np.float64(0.0),1.0,
2020-09-01,TSLA,sell,np.float64(60.89213609358426),np.float64(502.14),np.float64(30576.3772180324),np.float64(0.0),,
2020-09-01,AAPL,buy,np.float64(37.705453584092986),np.float64(132.76),np.float64(5005.776017824184),np.float64(0.0),np.float64(0.9999999999999993),
2020-09-01,AMD,buy,np.float64(93.81157208203011),np.float64(91.92),np.float64(8623.159705780208),np.float64(0.0),np.float64(0.9999999999999993),
2020-09-01,AMZN,buy,np.float64(4.053042045803866),np.float64(3489.58),np.float64(14143.414462196253),np.float64(0.0),np.float64(0.9999999999999993),
2020-09-01,NVDA,buy,np.float64(5.496345500817741),np.float64(539.2),np.float64(2963.629494040926),np.float64(0.0),np.float64(0.9999999999999993),
2020-10-01,NVDA,sell,np.float64(16.461291608200366),np.float64(550.32),np.float64(9058.977997824826),np.float64(0.0),,
2020-10-01,AAPL,buy,np.float64(27.47571884789901),np.float64(117.64),np.float64(3232.2435652668396),np.float64(0.0),np.float64(0.9999999999999968),
2020-10-01,AMD,buy,np.float64(19.660778630744208),np.float64(83.06),np.float64(1633.0242730696139),np.float64(0.0),np.float64(0.9999999999999968),
2020-10-01,AMZN,buy,np.float64(0.06195248793019575),np.float64(3208.0),np.float64(198.74358128006796),np.float64(0.0),np.float64(0.9999999999999968),
2020-10-01,TSLA,buy,np.float64(9.063813817515893),np.float64(440.76),np.float64(3994.966578208305),np.float64(0.0),np.float64(0.9999999999999968),
2020-11-02,AAPL,sell,np.float64(4.386511107594012),np.float64(109.11),np.float64(478.6122269495827),np.float64(0.0),,
2020-11-02,AMZN,sell,np.float64(26.24728211619685),np.float64(3061.74),np.float64(80362.35354644453),np.float64(0.0),,
2020-11-02,AMD,buy,np.float64(9.559342765948458),np.float64(75.85),np.float64(725.0761487971904),np.float64(0.0),1.0,
2020-11-02,NFLX,buy,np.float64(162.0842579364075),np.float64(478.87),np.float64(77617.28859800746),np.float64(0.0),1.0,
2020-11-02,NVDA,buy,np.float64(0.2957144550852373),np.float64(506.31),np.float64(149.7231857542065),np.float64(0.0),1.0,
2020-11-02,TSLA,buy,np.float64(5.9616188853686225),np.float64(394.0),np.float64(2348.8778408352373),np.float64(0.0),1.0,
2020-12-01,AMD,sell,np.float64(24.08674352512355),np.float64(92.25),np.float64(2222.0020901926473),np.float64(0.0),,
2020-12-01,NFLX,sell,np.float64(162.0842579364075),np.float64(492.3404),np.float64(79800.62838611404),np.float64(0.0),,
2020-12-01,TSLA,sell,np.float64(42.749624385854624),np.float64(597.59),np.float64(25546.748036742865),np.float64(0.0),,
2020-12-01,AAPL,buy,np.float64(50.36644261891162),np.float64(121.01),np.float64(6094.843221314495),np.float64(0.0),np.float64(0.9999999999999994),
2020-12-01,AMZN,buy,np.float64(28.9093313349343),np.float64(3188.5),np.float64(92177.40296143801),np.float64(0.0),np.float64(0.9999999999999994),
2020-12-01,NVDA,buy,np.float64(17.49701241728541),np.float64(539.69),np.float64(9442.962631484765),np.float64(0.0),np.float64(0.9999999999999994),
2021-01-04,AAPL,sell,np.float64(761.7337654858115),np.float64(133.52),np.float64(101706.69236766557),np.float64(0.0),,
2021-01-04,TSLA,sell,np.float64(18.366837322054867),np.float64(719.46),np.float64(13214.204779725595),np.float64(0.0),,
2021-01-04,AMD,buy,np.float64(62.142636791815676),np.float64(92.11),np.float64(5723.958274894142),np.float64(0.0),np.float64(0.9999999999999992),
2021-01-04,AMZN,buy,np.float64(0.9871431025885354),np.float64(3270.0),np.float64(3227.957945464511),np.float64(0.0),np.float64(0.9999999999999992),
2021-01-04,NVDA,buy,np.float64(15.7102410047279),np.float64(524.17),np.float64(8234.837027448222),np.float64(0.0),np.float64(0.9999999999999992),
2021-01-04,QCOM,buy,np.float64(638.9221058146501),np.float64(153.01),np.float64(97761.47141069961),np.float64(0.0),np.float64(0.9999999999999992),
2021-02-01,QCOM,sell,np.float64(6.439925302811663),np.float64(157.37),np.float64(1013.4510449034715),np.float64(0.0),,
2021-02-01,TSLA,sell,np.float64(13.647982138799946),np.float64(814.29),np.float64(11113.415375803408),np.float64(0.0),,
2021-02-01,AMD,buy,np.float64(84.94998630814412),np.float64(86.83),np.float64(7376.207311136153),np.float64(0.0),1.0,
2021-02-01,AMZN,buy,np.float64(0.8014495274742715),np.float64(3242.36),np.float64(2598.587889901479),np.float64(0.0),1.0,
2021-02-01,NVDA,buy,np.float64(4.1216876903497255),np.float64(522.1335),np.float64(2152.0712196692184),np.float64(0.0),1.0,
2021-03-01,AMD,sell,np.float64(42.258954718493925),np.float64(85.31),np.float64(3605.111427034717),np.float64(0.0),,
2021-03-01,AMZN,sell,np.float64(30.69792396499711),np.float64(3127.89),np.float64(96019.72939087481),np.float64(0.0),,
2021-03-01,NVDA,sell,np.float64(20.923963775145424),np.float64(555.0),np.float64(11612.79989520571),np.float64(0.0),,
2021-03-01,AAPL,buy,np.float64(761.1008057523077),np.float64(123.75),np.float64(94186.22471184807),np.float64(0.0),np.float64(0.9999999999999993),
2021-03-01,QCOM,buy,np.float64(52.50854466523887),np.float64(137.5),np.float64(7219.924891470345),np.float64(0.0),np.float64(0.9999999999999993),
2021-03-01,TSLA,buy,np.float64(14.24626669631921),np.float64(690.11),np.float64(9831.49110979685),np.float64(0.0),np.float64(0.9999999999999993),
2021-04-01,AAPL,sell,np.float64(761.1008057523077),np.float64(123.66),np.float64(94117.72563933037),np.float64(0.0),,
2021-04-01,AMD,sell,np.float64(1104.046708613857),np.float64(80.155),np.float64(88494.8639289437),np.float64(0.0),,
2021-04-01,NVDA,sell,np.float64(169.70490939071738),np.float64(542.89),np.float64(92131.09825912655),np.float64(0.0),,
2021-04-01,TSLA,sell,np.float64(2.4543953997623773),np.float64(688.37),np.float64(1689.5321613344277),np.float64(0.0),,
2021-04-01,AMAT,buy,np.float64(667.8675063014326),np.float64(138.14),np.float64(92259.21732047989),np.float64(0.0),np.float64(0.9999999999999998),
2021-04-01,AVGO,buy,np.float64(195.43545940322386),np.float64(472.07),np.float64(92259.21732047989),np.float64(0.0),np.float64(0.9999999999999998),
2021-04-01,MU,buy,np.float64(992.0345948438697),np.float64(93.0),np.float64(92259.21732047989),np.float64(0.0),np.float64(0.9999999999999998),
2021-04-01,QCOM,buy,np.float64(0.9514110346690864),np.float64(134.5),np.float64(127.96478416299212),np.float64(0.0),np.float64(0.9999999999999998),
2021-05-03,QCOM,sell,np.float64(685.9421362117464),np.float64(139.7),np.float64(95826.11642878097),np.float64(0.0),,
2021-05-03,TSLA,sell,np.float64(4.45947722058279),np.float64(703.8),np.float64(3138.5800678461674),np.float64(0.0),,
2021-05-03,AMAT,buy,np.float64(11.377578227055169),np.float64(134.25),np.float64(1527.4398769821564),np.float64(0.0),1.0,
2021-05-03,AVGO,buy,np.float64(2.9085375471828736),np.float64(459.75),np.float64(1337.2001373173262),np.float64(0.0),1.0,
2021-05-03,MU,buy,np.float64(56.47239144967397),np.float64(86.97),np.float64(4911.403884378145),np.float64(0.0),1.0,
2021-05-03,NVDA,buy,np.float64(150.72504561644544),np.float64(605.0),np.float64(91188.65259794949),np.float64(0.0),1.0,
2021-06-01,AMAT,sell,np.float64(21.185438415748752),np.float64(139.0),np.float64(2944.7759397890763),np.float64(0.0),,
2021-06-01,AVGO,sell,np.float64(198.34399695040673),np.float64(475.44),np.float64(94300.66991010138),np.float64(0.0),,
2021-06-01,NVDA,sell,np.float64(10.17450657269814),np.float64(650.8),np.float64(6621.56887751195),np.float64(0.0),,
2021-06-01,MU,buy,np.float64(28.627856024764643),np.float64(84.92),np.float64(2431.0775336230136),np.float64(0.0),np.float64(0.9999999999999996),
2021-06-01,QCOM,buy,np.float64(677.0381456132235),np.float64(135.1036),np.float64(91470.2908096707),np.float64(0.0),np.float64(0.9999999999999996),
2021-06-01,TSLA,buy,np.float64(16.133585862369443),np.float64(627.8),np.float64(10128.665204395536),np.float64(0.0),np.float64(0.9999999999999996),
2021-07-01,MU,sell,np.float64(1077.1348423183083),np.float64(82.24),np.float64(88583.56943225767),np.float64(0.0),,
2021-07-01,NVDA,sell,np.float64(18.349505424619814),np.float64(805.0),np.float64(14771.35186681895),np.float64(0.0),,
2021-07-01,QCOM,sell,np.float64(677.0381456132235),np.float64(142.91),np.float64(96755.52138958576),np.float64(0.0),,
2021-07-01,TSLA,sell,np.float64(1.8644397328509192),np.float64(683.92),np.float64(1275.1276220914006),np.float64(0.0),,
2021-07-01,AMAT,buy,np.float64(36.166409380539896),np.float64(141.7),np.float64(5124.780209222503),np.float64(0.0),1.0,
2021-07-01,GOOGL,buy,np.float64(40.40740688576612),np.float64(2434.5),np.float64(98371.83206339763),np.float64(0.0),1.0,
2021-07-01,JPM,buy,np.float64(629.5394346819252),np.float64(156.26),np.float64(98371.83206339763),np.float64(0.0),1.0,
2021-08-02,GOOGL,sell,np.float64(40.40740688576612),np.float64(2702.34),np.float64(109194.55192368123),np.float64(0.0),,
2021-08-02,TSLA,sell,np.float64(0.8744968936235403),np.float64(700.0),np.float64(612.1478255364782),np.float64(0.0),,
2021-08-02,AMAT,buy,np.float64(15.307096190231203),np.float64(141.04),np.float64(2158.9128466702086),np.float64(0.0),np.float64(0.9999999999999996),
2021-08-02,JPM,buy,np.float64(28.702726164238552),np.float64(152.03),np.float64(4363.675458749187),np.float64(0.0),np.float64(0.9999999999999996),
2021-08-02,MU,buy,np.float64(1266.1001481963845),np.float64(79.04),np.float64(100072.55571344223),np.float64(0.0),np.float64(0.9999999999999996),
2021-08-02,NVDA,buy,np.float64(19.178381835379724),np.float64(197.0),np.float64(3778.1412215698056),np.float64(0.0),np.float64(0.9999999999999996),
2021-09-01,JPM,sell,np.float64(15.145524142032697),np.float64(160.22),np.float64(2426.6158780364785),np.float64(0.0),,
2021-09-01,NVDA,sell,np.float64(507.98251631188964),np.float64(224.85),np.float64(114219.86879272838),np.float64(0.0),,
2021-09-01,TSLA,sell,np.float64(142.96079387634612),np.float64(734.08),np.float64(104944.65956874816),np.float64(0.0),,
2021-09-01,AMAT,buy,np.float64(49.87828060375303),np.float64(135.68),np.float64(6767.485112317212),np.float64(0.0),1.0,
2021-09-01,GOOGL,buy,np.float64(35.52998039059858),np.float64(2900.0),np.float64(103036.94313273588),np.float64(0.0),1.0,
2021-09-01,MU,buy,np.float64(120.29574971448595),np.float64(74.32),np.float64(8940.380118780595),np.float64(0.0),1.0,
2021-09-01,ORCL,buy,np.float64(1154.346214796503),np.float64(89.26),np.float64(103036.94313273588),np.float64(0.0),1.0,
2021-10-01,JPM,sell,np.float64(33.929249282761724),np.float64(164.0),np.float64(5564.396882372923),np.float64(0.0),,
2021-10-01,MU,sell,np.float64(1386.3958979108704),np.float64(71.34),np.float64(98905.4833569615),np.float64(0.0),,
2021-10-01,ORCL,sell,np.float64(1154.346214796503),np.float64(87.76),np.float64(101305.42381054112),np.float64(0.0),,
2021-10-01,AMAT,buy,np.float64(13.47617050636651),np.float64(129.26),np.float64(1741.929799652935),np.float64(0.0),1.0,
2021-10-01,GOOGL,buy,np.float64(1.6233514069821018),np.float64(2688.95),np.float64(4365.110765804522),np.float64(0.0),1.0,
2021-10-01,TSLA,buy,np.float64(128.3446191381097),np.float64(778.4),np.float64(99903.45153710457),np.float64(0.0),1.0,
2021-10-01,XOM,buy,np.float64(1681.5931920064734),np.float64(59.41),np.float64(99903.45153710457),np.float64(0.0),1.0,
2021-11-01,TSLA,sell,np.float64(27.444014476590997),np.float64(1145.0),np.float64(31423.39657569669),np.float64(0.0),,
2021-11-01,AMAT,buy,np.float64(70.52889842873056),np.float64(136.98),np.float64(9661.04850676751),np.float64(0.0),np.float64(0.9999999999999993),
2021-11-01,GOOGL,buy,np.float64(1.8653489967126122),np.float64(2960.92),np.float64(5523.149151346308),np.float64(0.0),np.float64(0.9999999999999993),
2021-11-01,JPM,buy,np.float64(62.36941993412311),np.float64(172.04),np.float64(10730.03500546654),np.float64(0.0),np.float64(0.9999999999999993),
2021-11-01,XOM,buy,np.float64(94.03413969934267),np.float64(65.065),np.float64(6118.331299537731),np.float64(0.0),np.float64(0.9999999999999993),
2021-12-01,AMAT,sell,np.float64(843.4165012223604),np.float64(151.25),np.float64(127566.745809882),np.float64(0.0),,
2021-12-01,JPM,sell,np.float64(671.5368073554924),np.float64(161.0),np.float64(108117.42598423429),np.float64(0.0),,
2021-12-01,TSLA,sell,np.float64(1.8093746101509904),np.float64(1160.695),np.float64(2100.1320631292037),np.float64(0.0),,
2021-12-01,GOOGL,buy,np.float64(0.9169772836484499),np.float64(2880.0),np.float64(2640.894576907536),np.float64(0.0),np.float64(0.9999999999999998),
2021-12-01,NVDA,buy,np.float64(346.2267617890117),np.float64(332.1947),np.float64(115014.6952644722),np.float64(0.0),np.float64(0.9999999999999998),
2021-12-01,ORCL,buy,np.float64(1254.3864681478046),np.float64(91.69),np.float64(115014.6952644722),np.float64(0.0),np.float64(0.9999999999999998),
2021-12-01,XOM,buy,np.float64(112.95551335940945),np.float64(60.9),np.float64(6878.990763588035),np.float64(0.0),np.float64(0.9999999999999998),
2022-01-03,GOOGL,sell,np.float64(1.4661679077366443),np.float64(2901.1),np.float64(4253.499717134779),np.float64(0.0),,
2022-01-03,ORCL,sell,np.float64(1254.3864681478046),np.float64(87.33),np.float64(109545.57026334778),np.float64(0.0),,
2022-01-03,TSLA,sell,np.float64(1.8541680319540588),np.float64(1147.75),np.float64(2128.121358675271),np.float64(0.0),,
2022-01-03,XOM,sell,np.float64(1888.5828450652255),np.float64(61.24),np.float64(115656.8134317944),np.float64(0.0),,
2022-01-03,AMAT,buy,np.float64(707.5176742283631),np.float64(157.74),np.float64(111603.83793278201),np.float64(0.0),1.0,
2022-01-03,AMD,buy,np.float64(768.9657073261585),np.float64(145.135),np.float64(111603.83793278201),np.float64(0.0),1.0,
2022-01-03,NVDA,buy,np.float64(28.094344810961562),np.float64(298.15),np.float64(8376.328905388189),np.float64(0.0),1.0,
2022-02-01,AMAT,sell,np.float64(15.414132138463039),np.float64(138.23),np.float64(2130.6954854997457),np.float64(0.0),,
2022-02-01,GOOGL,sell,np.float64(3.7044840750897836),np.float64(2751.89),np.float64(10194.332681398824),np.float64(0.0),,
2022-02-01,TSLA,sell,np.float64(97.23706201941364),np.float64(935.21),np.float64(90937.07277117584),np.float64(0.0),,
2022-02-01,AMD,buy,np.float64(50.47303034482128),np.float64(116.75),np.float64(5892.726292757885),np.float64(0.0),1.0,
2022-02-01,COST,buy,np.float64(189.5176803381244),np.float64(504.805),np.float64(95669.47262308688),np.float64(0.0),1.0,
2022-02-01,NVDA,buy,np.float64(6.771438903081618),np.float64(251.04),np.float64(1699.9020222296094),np.float64(0.0),1.0,
2022-03-01,AMAT,sell,np.float64(692.1035420899001),np.float64(133.735),np.float64(92558.46720139279),np.float64(0.0),,
2022-03-01,AMD,sell,np.float64(819.4387376709798),np.float64(122.33),np.float64(100241.94077929095),np.float64(0.0),,
2022-03-01,COST,sell,np.float64(5.5130163613631975),np.float64(519.46),np.float64(2863.791479073727),np.float64(0.0),,
2022-03-01,GOOGL,sell,np.float64(34.76500609511532),np.float64(2697.57),np.float64(93781.03749200024),np.float64(0.0),,
2022-03-01,MSFT,buy,np.float64(322.47996879004177),np.float64(296.4),np.float64(95583.06274936837),np.float64(0.0),1.0,
2022-03-01,NVDA,buy,np.float64(12.399129394513679),np.float64(242.91),np.float64(3011.8725212213176),np.float64(0.0),1.0,
2022-03-01,PEP,buy,np.float64(586.1474382128434),np.float64(163.07),np.float64(95583.06274936837),np.float64(0.0),1.0,
2022-03-01,XOM,buy,np.float64(1213.4450012615002),np.float64(78.77),np.float64(95583.06274936837),np.float64(0.0),1.0,
2022-04-01,COST,sell,np.float64(6.558585465989619),np.float64(577.38),np.float64(3786.7960763530864),np.float64(0.0),,
2022-04-01,MSFT,sell,np.float64(322.47996879004177),np.float64(309.37),np.float64(99765.62794457523),np.float64(0.0),,
2022-04-01,NVDA,sell,np.float64(19.231156868164717),np.float64(273.75),np.float64(5264.529192660091),np.float64(0.0),,
2022-04-01,PEP,sell,np.float64(586.1474382128434),np.float64(167.89),np.float64(98408.29340155427),np.float64(0.0),,
2022-04-01,AAPL,buy,np.float64(588.7135368071553),np.float64(174.03),np.float64(102453.81681054924),np.float64(0.0),np.float64(0.9999999999999994),
2022-04-01,AMD,buy,np.float64(927.3517090020749),np.float64(110.48),np.float64(102453.81681054924),np.float64(0.0),np.float64(0.9999999999999994),
2022-04-01,XOM,buy,np.float64(36.14417803535675),np.float64(81.99),np.float64(2963.4611571189),np.float64(0.0),np.float64(0.9999999999999994),
2022-05-02,AAPL,sell,np.float64(588.7135368071553),np.float64(156.71),np.float64(92257.29835304931),np.float64(0.0),,
2022-05-02,COST,sell,np.float64(11.38674916017611),np.float64(532.23),np.float64(6060.369505520532),np.float64(0.0),,
2022-05-02,XOM,sell,np.float64(209.92611777153732),np.float64(85.01),np.float64(17845.819271758388),np.float64(0.0),,
2022-05-02,AMD,buy,np.float64(104.48247301027038),np.float64(85.655),np.float64(8949.44622569471),np.float64(0.0),np.float64(0.9999999999999994),
2022-05-02,NVDA,buy,np.float64(102.43513128030966),np.float64(185.405),np.float64(18991.98551502581),np.float64(0.0),np.float64(0.9999999999999994),
2022-05-02,TSLA,buy,np.float64(102.67755249400815),np.float64(860.77),np.float64(88381.7568602674),np.float64(0.0),np.float64(0.9999999999999994),
2022-06-01,AMD,sell,np.float64(1031.8341820123453),np.float64(102.13),np.float64(105381.22500892082),np.float64(0.0),,
2022-06-01,NVDA,sell,np.float64(476.69564930971353),np.float64(187.24),np.float64(89256.49337675076),np.float64(0.0),,
2022-06-01,XOM,sell,np.float64(108.09505356622245),np.float64(97.02),np.float64(10487.382096994901),np.float64(0.0),,
2022-06-01,AAPL,buy,np.float64(602.940147646375),np.float64(149.9),np.float64(90380.72813219161),np.float64(0.0),np.float64(0.9999999999999999),
2022-06-01,AVGO,buy,np.float64(153.81859173591954),np.float64(587.58),np.float64(90380.72813219161),np.float64(0.0),np.float64(0.9999999999999999),
2022-06-01,COST,buy,np.float64(26.494098857235333),np.float64(469.38),np.float64(12435.80012160912),np.float64(0.0),np.float64(0.9999999999999999),
2022-06-01,TSLA,buy,np.float64(17.006657649791347),np.float64(755.16),np.float64(12842.747590816432),np.float64(0.0),np.float64(0.9999999999999999),
2022-07-01,AAPL,sell,np.float64(602.940147646375),np.float64(136.04),np.float64(82023.97768581285),np.float64(0.0),,
2022-07-01,COST,sell,np.float64(21.574243836331185),np.float64(481.18),np.float64(10381.09464916584),np.float64(0.0),,
2022-07-01,TSLA,sell,np.float64(119.6842101437995),np.float64(681.0),np.float64(81504.94710792747),np.float64(0.0),,
2022-07-01,AVGO,buy,np.float64(17.791854303750423),np.float64(479.41),np.float64(8529.592871760991),np.float64(0.0),np.float64(0.9999999999999998),
2022-07-01,KO,buy,np.float64(1303.4183133060549),np.float64(63.12),np.float64(82271.76393587817),np.float64(0.0),np.float64(0.9999999999999998),
2022-07-01,PEP,buy,np.float64(493.41348168332837),np.float64(166.74),np.float64(82271.76393587817),np.float64(0.0),np.float64(0.9999999999999998),
2022-07-01,XOM,buy,np.float64(16.919009978165672),np.float64(86.74),np.float64(1467.5549255060903),np.float64(0.0),np.float64(0.9999999999999998),
2022-08-01,AVGO,sell,np.float64(171.61044603966997),np.float64(531.43),np.float64(91198.9393388618),np.float64(0.0),,
2022-08-01,COST,sell,np.float64(7.153371521920105),np.float64(541.42),np.float64(3872.978409397983),np.float64(0.0),,
2022-08-01,XOM,sell,np.float64(12.749370579742916),np.float64(94.79),np.float64(1208.512837253831),np.float64(0.0),,
2022-08-01,JNJ,buy,np.float64(509.2643485848271),np.float64(174.17),np.float64(88698.57159301933),np.float64(0.0),np.float64(0.9999999999999999),
2022-08-01,KO,buy,np.float64(80.55066146410178),np.float64(64.09),np.float64(5162.491893234283),np.float64(0.0),np.float64(0.9999999999999999),
2022-08-01,PEP,buy,np.float64(14.742184847862283),np.float64(174.55),np.float64(2573.2483651943617),np.float64(0.0),np.float64(0.9999999999999999),
2022-09-01,JNJ,sell,np.float64(509.2643485848271),np.float64(161.49),np.float64(82241.09965296373),np.float64(0.0),,
2022-09-01,PEP,sell,np.float64(5.231641286465659),np.float64(170.9201),np.float64(894.192651846839),np.float64(0.0),,
2022-09-01,XOM,sell,np.float64(25.339165179687956),np.float64(94.42),np.float64(2392.5239762661367),np.float64(0.0),,
2022-09-01,COST,buy,np.float64(1.570601926128347),np.float64(519.72),np.float64(816.2732330474246),np.float64(0.0),1.0,
2022-09-01,KO,buy,np.float64(11.93594057948474),np.float64(61.58),np.float64(735.0152208846703),np.float64(0.0),1.0,
2022-09-01,TSLA,buy,np.float64(315.362101026253),np.float64(272.575),np.float64(85959.82468723091),np.float64(0.0),1.0,
2022-10-03,PEP,sell,np.float64(10.949870820282818),np.float64(163.52),np.float64(1790.5228765326465),np.float64(0.0),,
2022-10-03,TSLA,sell,np.float64(315.362101026253),np.float64(254.5),np.float64(80259.65471118139),np.float64(0.0),,
2022-10-03,XOM,sell,np.float64(16.933203063163315),np.float64(90.04),np.float64(1524.665603807225),np.float64(0.0),,
2022-10-03,AAPL,buy,np.float64(582.0679670898253),np.float64(138.21),np.float64(80447.61373148476),np.float64(0.0),np.float64(0.9999999999999997),
2022-10-03,COST,buy,np.float64(4.14544767209989),np.float64(474.5),np.float64(1967.014920411398),np.float64(0.0),np.float64(0.9999999999999997),
2022-10-03,KO,buy,np.float64(31.48354688394235),np.float64(56.36),np.float64(1774.4127023789908),np.float64(0.0),np.float64(0.9999999999999997),
2022-11-01,AAPL,sell,np.float64(582.0679670898253),np.float64(155.08),np.float64(90267.10033629011),np.float64(0.0),,
2022-11-01,XOM,sell,np.float64(90.90133779401411),np.float64(112.37),np.float64(10214.583327913366),np.float64(0.0),,
2022-11-01,COST,buy,np.float64(9.501437306414939),np.float64(503.7),np.float64(4785.873971241204),np.float64(0.0),np.float64(0.9999999999999996),
2022-11-01,JNJ,buy,np.float64(518.120820901999),np.float64(174.06),np.float64(90184.11008620194),np.float64(0.0),np.float64(0.9999999999999996),
2022-11-01,KO,buy,np.float64(74.92888053173307),np.float64(60.03),np.float64(4497.980698319936),np.float64(0.0),np.float64(0.9999999999999996),
2022-11-01,PEP,buy,np.float64(6.44581952383894),np.float64(180.94),np.float64(1166.3065846434179),np.float64(0.0),np.float64(0.9999999999999996),
2022-12-01,COST,sell,np.float64(179.04329975422272),np.float64(519.14),np.float64(92948.53863440717),np.float64(0.0),,
2022-12-01,KO,sell,np.float64(37.61129264360578),np.float64(63.61),np.float64(2392.4543250597635),np.float64(0.0),,
2022-12-01,JNJ,buy,np.float64(2.381703389856012),np.float64(179.0),np.float64(426.32490678422613),np.float64(0.0),np.float64(0.9999999999999999),
2022-12-01,PEP,buy,np.float64(3.8980756971903014),np.float64(185.48),np.float64(723.0150803148571),np.float64(0.0),np.float64(0.9999999999999999),
2022-12-01,WMT,buy,np.float64(612.7586441844263),np.float64(152.05),np.float64(93169.95184824202),np.float64(0.0),np.float64(0.9999999999999999),
2022-12-01,XOM,buy,np.float64(31.99313363672651),np.float64(111.64),np.float64(3571.7134392041476),np.float64(0.0),np.float64(0.9999999999999999),
